Dato,date_key,order_1,order_2,order_3,order_4,order_5,Tall1,Tall2,Tall3,Tall4,Tall5,Stjerne1,Stjerne2,source_1,source_2,source_3,source_4,source_5,n_inferred
2012-03-23,20120323,37,46,21,5,8,5,8,21,37,46,6,8,detektert,detektert,detektert,detektert,detektert,0
2012-03-30,20120330,12,7,5,19,26,5,7,12,19,26,1,5,detektert,detektert,detektert,inferert,inferert,2
2012-04-06,20120406,34,36,8,38,7,7,8,34,36,38,4,5,detektert,detektert,detektert,detektert,detektert,0
2012-04-13,20120413,27,11,5,32,12,5,11,12,27,32,1,3,detektert,detektert,detektert,detektert,detektert,0
2012-04-20,20120420,10,41,45,16,30,10,16,30,41,45,2,8,detektert,detektert,detektert,detektert,detektert,0
2012-04-27,20120427,13,45,19,40,10,10,13,19,40,45,3,5,detektert,detektert,detektert,detektert,detektert,0
2012-05-04,20120504,30,35,29,41,45,29,30,35,41,45,3,5,detektert,detektert,detektert,inferert,inferert,2
2012-05-11,20120511,47,39,15,21,38,15,21,38,39,47,1,5,detektert,detektert,detektert,detektert,detektert,0
2012-05-18,20120518,12,44,18,46,43,12,18,43,44,46,4,5,detektert,detektert,detektert,detektert,detektert,0
2012-05-25,20120525,26,41,11,32,4,4,11,26,32,41,5,7,detektert,detektert,detektert,detektert,detektert,0
2012-06-01,20120601,37,28,34,11,38,11,28,34,37,38,3,7,detektert,detektert,detektert,detektert,inferert,1
2012-06-08,20120608,16,15,36,10,44,10,15,16,36,44,7,8,detektert,detektert,detektert,detektert,detektert,0
2012-06-15,20120615,6,10,17,18,42,6,10,17,18,42,1,3,detektert,detektert,detektert,inferert,inferert,2
2012-06-22,20120622,47,49,16,14,13,13,14,16,47,49,1,7,detektert,detektert,detektert,detektert,inferert,1
2012-07-06,20120706,22,33,38,10,24,10,22,24,33,38,2,6,detektert,detektert,detektert,detektert,detektert,0
2012-07-13,20120713,8,27,12,31,37,8,12,27,31,37,3,6,detektert,detektert,detektert,inferert,inferert,2
2012-07-20,20120720,6,9,13,14,25,6,9,13,14,25,1,8,detektert,detektert,detektert,inferert,inferert,2
2012-07-27,20120727,22,23,9,34,35,9,22,23,34,35,1,3,detektert,detektert,detektert,detektert,inferert,1
2012-08-03,20120803,15,18,12,24,25,12,15,18,24,25,4,5,detektert,detektert,detektert,inferert,inferert,2
2012-08-10,20120810,46,48,40,6,11,6,11,40,46,48,3,6,detektert,detektert,detektert,inferert,inferert,2
2012-08-17,20120817,16,30,3,34,35,3,16,30,34,35,2,5,detektert,detektert,detektert,inferert,inferert,2
2012-08-24,20120824,20,9,21,33,49,9,20,21,33,49,5,7,detektert,detektert,detektert,inferert,inferert,2
2012-08-31,20120831,8,22,28,40,42,8,22,28,40,42,4,8,detektert,detektert,detektert,inferert,inferert,2
2012-09-07,20120907,23,25,46,49,15,15,23,25,46,49,2,4,detektert,detektert,detektert,detektert,detektert,0
2012-09-14,20120914,15,14,24,10,47,10,14,15,24,47,4,8,detektert,detektert,detektert,detektert,inferert,1
2012-09-21,20120921,41,29,44,18,49,18,29,41,44,49,1,5,detektert,detektert,detektert,detektert,inferert,1
2012-09-28,20120928,14,16,5,34,39,5,14,16,34,39,1,6,detektert,detektert,detektert,detektert,inferert,1
2012-10-05,20121005,26,50,49,28,40,26,28,40,49,50,2,7,detektert,detektert,detektert,detektert,detektert,0
2012-10-12,20121012,49,6,17,43,11,6,11,17,43,49,4,8,detektert,detektert,detektert,detektert,inferert,1
2012-10-19,20121019,6,48,14,19,18,6,14,18,19,48,3,8,detektert,detektert,detektert,detektert,detektert,0
2012-10-26,20121026,7,17,18,19,22,7,17,18,19,22,4,5,detektert,detektert,detektert,inferert,inferert,2
2012-11-02,20121102,3,12,5,7,31,3,5,7,12,31,5,7,detektert,detektert,detektert,detektert,inferert,1
2012-11-16,20121116,4,1,7,21,26,1,4,7,21,26,4,7,detektert,detektert,detektert,detektert,inferert,1
2012-11-23,20121123,21,1,32,36,50,1,21,32,36,50,2,5,detektert,detektert,inferert,inferert,inferert,3
2012-11-30,20121130,21,2,24,13,37,2,13,21,24,37,6,7,detektert,detektert,detektert,detektert,detektert,0
2012-12-07,20121207,22,13,20,27,42,13,20,22,27,42,3,5,detektert,detektert,detektert,detektert,inferert,1
2012-12-14,20121214,35,17,31,28,39,17,28,31,35,39,5,8,detektert,detektert,detektert,detektert,detektert,0
2012-12-21,20121221,24,25,20,35,11,11,20,24,25,35,4,8,detektert,detektert,detektert,detektert,detektert,0
2012-12-28,20121228,22,32,8,5,39,5,8,22,32,39,7,8,detektert,detektert,detektert,detektert,inferert,1
2013-01-04,20130104,6,40,20,45,29,6,20,29,40,45,5,8,detektert,detektert,detektert,detektert,detektert,0
2013-01-11,20130111,6,31,37,41,49,6,31,37,41,49,2,3,detektert,detektert,detektert,detektert,inferert,1
2013-01-18,20130118,45,13,9,21,28,9,13,21,28,45,6,7,detektert,detektert,detektert,detektert,detektert,0
2013-01-25,20130125,13,37,28,4,38,4,13,28,37,38,7,8,detektert,detektert,detektert,detektert,detektert,0
2013-02-01,20130201,26,4,14,2,29,2,4,14,26,29,6,7,detektert,detektert,detektert,detektert,inferert,1
2013-02-08,20130208,27,17,14,43,12,12,14,17,27,43,1,7,detektert,detektert,detektert,detektert,detektert,0
2013-02-15,20130215,26,9,32,40,4,4,9,26,32,40,3,5,detektert,detektert,detektert,detektert,detektert,0
2013-02-22,20130222,3,13,46,41,49,3,13,41,46,49,3,8,detektert,detektert,detektert,detektert,detektert,0
2013-03-01,20130301,19,34,44,28,29,19,28,29,34,44,1,5,detektert,detektert,detektert,detektert,detektert,0
2013-03-08,20130308,12,14,30,10,43,10,12,14,30,43,2,5,detektert,detektert,detektert,detektert,inferert,1
2013-03-22,20130322,5,12,21,43,48,5,12,21,43,48,5,6,detektert,detektert,inferert,inferert,inferert,3
2013-03-29,20130329,22,1,37,27,50,1,22,27,37,50,5,7,detektert,detektert,detektert,detektert,detektert,0
2013-04-05,20130405,22,31,38,41,37,22,31,37,38,41,2,6,detektert,detektert,detektert,detektert,detektert,0
2013-04-12,20130412,22,19,8,32,40,8,19,22,32,40,1,8,detektert,detektert,detektert,detektert,inferert,1
2013-04-19,20130419,18,17,22,24,25,17,18,22,24,25,1,6,detektert,detektert,detektert,detektert,inferert,1
2013-04-26,20130426,19,14,11,23,49,11,14,19,23,49,4,5,detektert,detektert,detektert,inferert,inferert,2
2013-05-03,20130503,28,44,14,48,16,14,16,28,44,48,3,7,detektert,detektert,detektert,detektert,inferert,1
2013-05-17,20130517,6,4,32,10,13,4,6,10,13,32,1,8,detektert,detektert,detektert,detektert,inferert,1
2013-05-24,20130524,2,9,4,20,41,2,4,9,20,41,3,5,detektert,detektert,detektert,detektert,inferert,1
2013-05-31,20130531,9,5,12,23,40,5,9,12,23,40,2,7,detektert,detektert,detektert,detektert,inferert,1
2013-06-07,20130607,11,9,6,29,35,6,9,11,29,35,2,6,detektert,detektert,detektert,inferert,inferert,2
2013-06-14,20130614,1,25,46,47,48,1,25,46,47,48,3,8,detektert,detektert,detektert,detektert,inferert,1
2013-06-21,20130621,14,21,5,23,50,5,14,21,23,50,2,7,detektert,detektert,detektert,detektert,detektert,0
2013-06-28,20130628,23,33,49,8,6,6,8,23,33,49,3,8,detektert,detektert,detektert,detektert,detektert,0
2013-07-12,20130712,47,48,7,27,33,7,27,33,47,48,2,7,detektert,detektert,detektert,detektert,detektert,0
2013-07-19,20130719,7,18,19,33,37,7,18,19,33,37,2,5,detektert,detektert,inferert,inferert,inferert,3
2013-07-26,20130726,13,4,19,25,43,4,13,19,25,43,3,4,detektert,detektert,inferert,inferert,inferert,3
2013-08-02,20130802,14,37,33,29,23,14,23,29,33,37,2,5,detektert,detektert,detektert,detektert,detektert,0
2013-08-09,20130809,26,49,7,32,34,7,26,32,34,49,1,6,detektert,detektert,detektert,detektert,detektert,0
2013-08-16,20130816,33,49,38,5,32,5,32,33,38,49,3,8,detektert,detektert,detektert,detektert,detektert,0
2013-08-23,20130823,25,10,4,30,47,4,10,25,30,47,2,3,detektert,detektert,detektert,detektert,detektert,0
2013-08-30,20130830,9,17,43,6,10,6,9,10,17,43,2,8,detektert,detektert,detektert,detektert,detektert,0
2013-09-06,20130906,32,7,20,3,44,3,7,20,32,44,4,5,detektert,detektert,detektert,detektert,inferert,1
2013-09-13,20130913,43,18,10,3,31,3,10,18,31,43,1,7,detektert,detektert,detektert,detektert,detektert,0
2013-09-20,20130920,2,15,6,18,24,2,6,15,18,24,5,7,detektert,detektert,detektert,detektert,detektert,0
2013-09-27,20130927,6,21,34,10,36,6,10,21,34,36,1,4,detektert,detektert,detektert,detektert,detektert,0
2013-10-04,20131004,7,16,48,21,1,1,7,16,21,48,1,8,detektert,detektert,detektert,detektert,detektert,0
2013-10-11,20131011,29,23,11,2,34,2,11,23,29,34,7,8,detektert,detektert,detektert,detektert,inferert,1
2013-10-18,20131018,24,25,7,22,41,7,22,24,25,41,1,3,detektert,detektert,detektert,detektert,inferert,1
2013-10-25,20131025,9,39,41,25,46,9,25,39,41,46,2,8,detektert,detektert,detektert,detektert,inferert,1
2013-11-01,20131101,7,27,26,13,10,7,10,13,26,27,5,8,detektert,detektert,detektert,detektert,detektert,0
2013-11-08,20131108,25,18,28,34,42,18,25,28,34,42,3,4,detektert,detektert,detektert,inferert,inferert,2
2013-11-15,20131115,3,43,19,32,48,3,19,32,43,48,4,8,detektert,detektert,detektert,detektert,detektert,0
2013-11-22,20131122,1,38,39,42,47,1,38,39,42,47,1,2,detektert,detektert,inferert,inferert,inferert,3
2013-11-29,20131129,17,25,32,35,45,17,25,32,35,45,4,7,detektert,detektert,detektert,detektert,detektert,0
2013-12-06,20131206,8,18,1,25,47,1,8,18,25,47,2,7,detektert,detektert,detektert,inferert,inferert,2
2013-12-13,20131213,49,28,24,19,9,9,19,24,28,49,2,8,detektert,detektert,detektert,detektert,detektert,0
2013-12-20,20131220,12,22,37,40,9,9,12,22,37,40,6,8,detektert,detektert,detektert,detektert,detektert,0
2013-12-27,20131227,15,43,2,40,33,2,15,33,40,43,3,7,detektert,detektert,detektert,detektert,inferert,1
2014-01-03,20140103,1,16,34,36,37,1,16,34,36,37,4,6,detektert,detektert,detektert,detektert,inferert,1
2014-01-10,20140110,18,8,33,22,40,8,18,22,33,40,2,8,detektert,detektert,detektert,detektert,inferert,1
2014-01-17,20140117,4,7,25,29,17,4,7,17,25,29,2,4,detektert,detektert,detektert,detektert,inferert,1
2014-01-24,20140124,30,36,46,4,28,4,28,30,36,46,3,7,detektert,detektert,detektert,detektert,detektert,0
2014-01-31,20140131,29,12,39,40,17,12,17,29,39,40,5,6,detektert,detektert,detektert,detektert,detektert,0
2014-02-07,20140207,16,20,18,36,49,16,18,20,36,49,3,4,detektert,detektert,detektert,detektert,inferert,1
2014-02-14,20140214,19,22,21,28,45,19,21,22,28,45,6,7,detektert,detektert,detektert,detektert,inferert,1
2014-02-21,20140221,4,21,30,2,41,2,4,21,30,41,7,8,detektert,detektert,detektert,detektert,inferert,1
2014-02-28,20140228,17,2,21,22,45,2,17,21,22,45,1,5,detektert,detektert,inferert,inferert,inferert,3
2014-03-07,20140307,14,15,7,20,39,7,14,15,20,39,1,8,detektert,detektert,detektert,detektert,inferert,1
2014-03-21,20140321,8,42,35,38,18,8,18,35,38,42,4,6,detektert,detektert,detektert,detektert,detektert,0
2014-03-28,20140328,10,35,32,38,45,10,32,35,38,45,4,5,detektert,detektert,detektert,detektert,inferert,1
2014-04-04,20140404,10,33,16,28,30,10,16,28,30,33,4,6,detektert,detektert,detektert,detektert,detektert,0
2014-04-11,20140411,22,1,7,14,44,1,7,14,22,44,1,2,detektert,detektert,detektert,inferert,inferert,2
2014-04-25,20140425,4,48,39,10,7,4,7,10,39,48,3,4,detektert,detektert,detektert,detektert,inferert,1
2014-05-02,20140502,33,31,34,32,9,9,31,32,33,34,6,8,detektert,detektert,detektert,detektert,inferert,1
2014-05-09,20140509,1,22,43,11,14,1,11,14,22,43,3,4,detektert,detektert,detektert,detektert,detektert,0
2014-05-16,20140516,43,28,42,36,9,9,28,36,42,43,2,8,detektert,detektert,detektert,detektert,detektert,0
2014-05-23,20140523,37,47,21,6,33,6,21,33,37,47,7,8,detektert,detektert,detektert,detektert,detektert,0
2014-05-30,20140530,25,17,26,35,7,7,17,25,26,35,4,7,detektert,detektert,detektert,detektert,detektert,0
2014-06-06,20140606,37,9,19,6,38,6,9,19,37,38,4,8,detektert,detektert,detektert,detektert,inferert,1
2014-06-13,20140613,8,15,18,1,39,1,8,15,18,39,1,6,detektert,detektert,detektert,detektert,inferert,1
2014-06-20,20140620,23,33,10,6,41,6,10,23,33,41,6,8,detektert,detektert,detektert,detektert,inferert,1
2014-06-27,20140627,33,11,44,35,42,11,33,35,42,44,4,6,detektert,detektert,detektert,detektert,inferert,1
2014-07-04,20140704,13,42,10,3,11,3,10,11,13,42,1,8,detektert,detektert,detektert,detektert,detektert,0
2014-07-11,20140711,3,10,16,35,45,3,10,16,35,45,4,6,detektert,detektert,inferert,inferert,inferert,3
2014-07-18,20140718,45,18,11,6,15,6,11,15,18,45,5,8,detektert,detektert,detektert,detektert,detektert,0
2014-07-25,20140725,10,36,3,43,47,3,10,36,43,47,2,5,detektert,detektert,detektert,inferert,inferert,2
2014-08-01,20140801,18,38,5,47,33,5,18,33,38,47,3,6,detektert,detektert,detektert,detektert,detektert,0
2014-08-08,20140808,15,19,21,34,40,15,19,21,34,40,3,4,inferert,inferert,inferert,inferert,inferert,5
2014-08-15,20140815,17,38,41,43,47,17,38,41,43,47,4,6,detektert,detektert,detektert,inferert,inferert,2
2014-08-22,20140822,19,20,40,42,47,19,20,40,42,47,2,8,detektert,detektert,detektert,detektert,inferert,1
2014-08-29,20140829,37,9,12,8,1,1,8,9,12,37,2,6,detektert,detektert,detektert,detektert,detektert,0
2014-09-05,20140905,31,33,26,39,40,26,31,33,39,40,5,6,detektert,detektert,detektert,inferert,inferert,2
2014-09-12,20140912,29,9,17,2,25,2,9,17,25,29,3,5,detektert,detektert,detektert,detektert,inferert,1
2014-09-19,20140919,18,13,20,38,39,13,18,20,38,39,1,8,detektert,detektert,inferert,inferert,inferert,3
2014-09-26,20140926,8,26,32,44,50,8,26,32,44,50,4,7,detektert,detektert,detektert,detektert,inferert,1
2014-10-03,20141003,15,34,8,44,49,8,15,34,44,49,4,8,detektert,detektert,detektert,detektert,inferert,1
2014-10-10,20141010,17,11,20,22,29,11,17,20,22,29,4,6,detektert,detektert,detektert,inferert,inferert,2
2014-10-17,20141017,24,35,14,27,39,14,24,27,35,39,7,8,detektert,detektert,detektert,detektert,inferert,1
2014-10-24,20141024,26,22,15,37,3,3,15,22,26,37,2,4,detektert,detektert,detektert,detektert,detektert,0
2014-10-31,20141031,7,27,43,3,46,3,7,27,43,46,3,8,detektert,detektert,detektert,detektert,inferert,1
2014-11-07,20141107,33,25,13,5,35,5,13,25,33,35,4,8,detektert,detektert,detektert,detektert,inferert,1
2014-11-28,20141128,6,18,29,16,35,6,16,18,29,35,6,9,detektert,detektert,detektert,detektert,inferert,1
2014-12-05,20141205,42,25,47,32,11,11,25,32,42,47,4,9,detektert,detektert,detektert,detektert,detektert,0
2014-12-12,20141212,1,19,8,15,37,1,8,15,19,37,7,9,detektert,detektert,detektert,detektert,inferert,1
2014-12-19,20141219,11,32,49,10,25,10,11,25,32,49,5,9,detektert,detektert,detektert,detektert,detektert,0
2014-12-26,20141226,2,30,21,39,43,2,21,30,39,43,5,7,detektert,detektert,detektert,detektert,detektert,0
2015-01-02,20150102,38,42,16,48,29,16,29,38,42,48,5,6,detektert,detektert,detektert,detektert,detektert,0
2015-01-09,20150109,13,19,20,27,41,13,19,20,27,41,5,9,detektert,detektert,detektert,inferert,inferert,2
2015-01-16,20150116,1,4,14,32,48,1,4,14,32,48,5,6,detektert,detektert,detektert,inferert,inferert,2
2015-01-23,20150123,14,13,30,2,32,2,13,14,30,32,1,3,detektert,detektert,detektert,detektert,detektert,0
2015-01-30,20150130,3,4,8,11,41,3,4,8,11,41,2,8,detektert,detektert,detektert,inferert,inferert,2
2015-02-06,20150206,19,22,3,37,39,3,19,22,37,39,5,10,detektert,detektert,detektert,inferert,inferert,2
2015-02-13,20150213,3,46,7,14,48,3,7,14,46,48,6,9,detektert,detektert,detektert,detektert,detektert,0
2015-02-20,20150220,29,16,44,18,1,1,16,18,29,44,2,7,detektert,detektert,detektert,detektert,detektert,0
2015-02-27,20150227,9,30,28,43,49,9,28,30,43,49,8,10,detektert,detektert,detektert,detektert,inferert,1
2015-03-13,20150313,1,25,10,44,39,1,10,25,39,44,1,2,detektert,detektert,detektert,detektert,inferert,1
2015-03-20,20150320,38,9,13,11,35,9,11,13,35,38,5,7,detektert,detektert,detektert,detektert,detektert,0
2015-03-27,20150327,26,31,3,33,50,3,26,31,33,50,3,9,detektert,detektert,detektert,detektert,detektert,0
2015-04-03,20150403,34,37,43,5,48,5,34,37,43,48,2,4,detektert,detektert,detektert,detektert,inferert,1
2015-04-10,20150410,18,26,1,40,47,1,18,26,40,47,3,4,detektert,detektert,detektert,inferert,inferert,2
2015-04-17,20150417,6,20,5,13,33,5,6,13,20,33,3,8,detektert,detektert,detektert,detektert,inferert,1
2015-04-24,20150424,17,4,46,27,33,4,17,27,33,46,3,9,detektert,detektert,detektert,detektert,detektert,0
2015-05-01,20150501,25,24,30,8,50,8,24,25,30,50,4,6,detektert,detektert,detektert,detektert,detektert,0
2015-05-08,20150508,32,31,40,19,46,19,31,32,40,46,8,9,detektert,detektert,detektert,detektert,inferert,1
2015-05-15,20150515,38,46,12,18,14,12,14,18,38,46,9,10,detektert,detektert,detektert,detektert,detektert,0
2015-05-22,20150522,24,8,50,23,39,8,23,24,39,50,1,5,detektert,detektert,detektert,detektert,detektert,0
2015-06-05,20150605,41,40,38,19,50,19,38,40,41,50,1,5,detektert,detektert,detektert,detektert,inferert,1
2015-06-12,20150612,39,23,30,27,17,17,23,27,30,39,6,8,detektert,detektert,detektert,detektert,detektert,0
2015-06-19,20150619,12,21,14,20,39,12,14,20,21,39,5,10,detektert,detektert,detektert,detektert,inferert,1
2015-06-26,20150626,27,14,47,28,35,14,27,28,35,47,1,8,detektert,detektert,detektert,detektert,detektert,0
2015-07-03,20150703,1,45,31,41,40,1,31,40,41,45,5,9,detektert,detektert,detektert,detektert,detektert,0
2015-07-10,20150710,35,36,47,39,12,12,35,36,39,47,3,6,detektert,detektert,detektert,detektert,detektert,0
2015-07-17,20150717,21,30,6,37,44,6,21,30,37,44,1,3,detektert,detektert,detektert,detektert,inferert,1
2015-07-24,20150724,30,6,12,15,20,6,12,15,20,30,3,6,detektert,detektert,detektert,detektert,inferert,1
2015-07-31,20150731,49,19,24,11,46,11,19,24,46,49,1,5,detektert,detektert,detektert,detektert,inferert,1
2015-08-07,20150807,9,1,49,15,22,1,9,15,22,49,4,7,detektert,detektert,detektert,detektert,detektert,0
2015-08-14,20150814,41,7,28,1,27,1,7,27,28,41,2,6,detektert,detektert,detektert,detektert,detektert,0
2015-08-21,20150821,13,20,39,42,40,13,20,39,40,42,3,9,detektert,detektert,detektert,detektert,inferert,1
2015-08-28,20150828,33,5,8,34,46,5,8,33,34,46,3,8,detektert,detektert,detektert,detektert,inferert,1
2015-09-04,20150904,37,23,41,12,46,12,23,37,41,46,3,7,detektert,detektert,detektert,detektert,inferert,1
2015-09-11,20150911,30,7,31,22,27,7,22,27,30,31,5,7,detektert,detektert,detektert,detektert,detektert,0
2015-09-18,20150918,7,3,41,13,48,3,7,13,41,48,1,7,detektert,detektert,detektert,detektert,inferert,1
2015-09-25,20150925,5,13,3,16,30,3,5,13,16,30,3,6,detektert,detektert,detektert,detektert,inferert,1
2015-10-02,20151002,7,9,39,28,47,7,9,28,39,47,2,8,detektert,detektert,detektert,detektert,inferert,1
2015-10-09,20151009,26,23,14,31,13,13,14,23,26,31,3,9,detektert,detektert,detektert,detektert,detektert,0
2015-10-16,20151016,11,19,38,42,46,11,19,38,42,46,3,9,detektert,inferert,inferert,inferert,inferert,4
2015-10-23,20151023,36,18,34,16,49,16,18,34,36,49,6,8,detektert,detektert,detektert,detektert,detektert,0
2015-10-30,20151030,36,16,15,37,5,5,15,16,36,37,3,5,detektert,detektert,detektert,detektert,detektert,0
2015-11-06,20151106,2,4,22,24,8,2,4,8,22,24,3,9,detektert,detektert,detektert,detektert,detektert,0
2015-11-13,20151113,49,26,27,19,23,19,23,26,27,49,3,10,detektert,detektert,detektert,detektert,inferert,1
2015-11-20,20151120,18,20,1,31,36,1,18,20,31,36,5,9,detektert,detektert,detektert,detektert,inferert,1
2015-11-27,20151127,7,49,26,2,13,2,7,13,26,49,3,4,detektert,detektert,detektert,detektert,detektert,0
2015-12-04,20151204,26,14,34,16,38,14,16,26,34,38,2,8,detektert,detektert,detektert,detektert,inferert,1
2015-12-11,20151211,39,37,34,36,49,34,36,37,39,49,8,10,detektert,detektert,detektert,detektert,detektert,0
2015-12-18,20151218,27,11,19,32,42,11,19,27,32,42,5,9,detektert,detektert,detektert,inferert,inferert,2
2015-12-25,20151225,36,33,9,8,34,8,9,33,34,36,3,9,detektert,detektert,detektert,detektert,inferert,1
2016-01-08,20160108,2,47,24,5,1,1,2,5,24,47,3,8,detektert,detektert,detektert,detektert,detektert,0
2016-01-15,20160115,39,25,4,23,37,4,23,25,37,39,1,9,detektert,detektert,detektert,detektert,inferert,1
2016-01-22,20160122,29,19,26,3,36,3,19,26,29,36,4,9,detektert,detektert,detektert,detektert,detektert,0
2016-01-29,20160129,32,40,42,3,20,3,20,32,40,42,4,9,detektert,detektert,detektert,detektert,detektert,0
2016-02-05,20160205,25,10,35,37,43,10,25,35,37,43,5,8,detektert,detektert,detektert,inferert,inferert,2
2016-02-12,20160212,7,20,21,33,41,7,20,21,33,41,1,2,detektert,detektert,detektert,inferert,inferert,2
2016-02-19,20160219,10,49,12,28,29,10,12,28,29,49,3,4,detektert,detektert,inferert,inferert,inferert,3
2016-02-26,20160226,9,11,19,42,45,9,11,19,42,45,7,10,detektert,detektert,inferert,inferert,inferert,3
2016-03-04,20160304,10,13,2,5,28,2,5,10,13,28,3,10,detektert,detektert,detektert,detektert,detektert,0
2016-03-18,20160318,47,35,20,50,10,10,20,35,47,50,4,7,detektert,detektert,detektert,detektert,detektert,0
2016-03-25,20160325,9,10,19,20,35,9,10,19,20,35,3,4,detektert,detektert,detektert,detektert,inferert,1
2016-04-01,20160401,40,49,6,12,21,6,12,21,40,49,8,10,detektert,detektert,detektert,detektert,inferert,1
2016-04-08,20160408,31,50,2,1,16,1,2,16,31,50,1,7,detektert,detektert,detektert,detektert,detektert,0
2016-04-15,20160415,46,39,17,1,5,1,5,17,39,46,6,7,detektert,detektert,detektert,detektert,inferert,1
2016-04-22,20160422,5,31,33,28,49,5,28,31,33,49,1,2,detektert,detektert,detektert,detektert,detektert,0
2016-04-29,20160429,14,10,24,20,40,10,14,20,24,40,2,10,detektert,detektert,detektert,detektert,detektert,0
2016-05-06,20160506,24,46,38,12,45,12,24,38,45,46,6,10,detektert,detektert,detektert,detektert,detektert,0
2016-05-13,20160513,7,39,6,36,40,6,7,36,39,40,1,10,detektert,detektert,inferert,inferert,inferert,3
2016-05-20,20160520,33,23,19,6,34,6,19,23,33,34,4,7,detektert,detektert,detektert,detektert,inferert,1
2016-05-27,20160527,10,4,26,33,48,4,10,26,33,48,5,9,detektert,detektert,detektert,inferert,inferert,2
2016-06-03,20160603,34,47,20,32,13,13,20,32,34,47,6,9,detektert,detektert,detektert,detektert,detektert,0
2016-06-10,20160610,12,11,28,26,37,11,12,26,28,37,8,10,detektert,detektert,detektert,detektert,detektert,0
2016-06-17,20160617,18,19,16,23,44,16,18,19,23,44,1,3,detektert,detektert,detektert,inferert,inferert,2
2016-06-24,20160624,21,24,19,41,48,19,21,24,41,48,1,6,detektert,detektert,detektert,detektert,inferert,1
2016-07-01,20160701,47,29,38,50,37,29,37,38,47,50,2,4,detektert,detektert,detektert,detektert,detektert,0
2016-07-08,20160708,19,4,21,31,42,4,19,21,31,42,5,10,detektert,detektert,detektert,inferert,inferert,2
2016-07-15,20160715,36,22,38,12,50,12,22,36,38,50,2,9,detektert,detektert,detektert,detektert,detektert,0
2016-07-22,20160722,6,20,14,26,46,6,14,20,26,46,2,4,detektert,detektert,detektert,detektert,inferert,1
2016-07-29,20160729,8,36,22,4,44,4,8,22,36,44,5,10,detektert,detektert,detektert,detektert,inferert,1
2016-08-05,20160805,30,12,40,11,5,5,11,12,30,40,2,5,detektert,detektert,detektert,detektert,detektert,0
2016-08-12,20160812,18,6,15,38,21,6,15,18,21,38,1,4,detektert,detektert,detektert,detektert,inferert,1
2016-08-19,20160819,42,22,43,33,46,22,33,42,43,46,6,10,detektert,detektert,detektert,detektert,detektert,0
2016-08-26,20160826,8,9,4,33,43,4,8,9,33,43,5,9,detektert,detektert,detektert,detektert,inferert,1
2016-09-02,20160902,30,15,28,42,50,15,28,30,42,50,1,8,detektert,detektert,detektert,inferert,inferert,2
2016-09-09,20160909,11,35,27,39,34,11,27,34,35,39,6,10,detektert,detektert,detektert,detektert,inferert,1
2016-09-16,20160916,15,28,43,37,30,15,28,30,37,43,2,5,detektert,detektert,detektert,detektert,detektert,0
2016-09-23,20160923,25,7,45,1,23,1,7,23,25,45,5,8,detektert,detektert,detektert,detektert,inferert,1
2016-09-30,20160930,28,4,29,39,44,4,28,29,39,44,8,10,detektert,detektert,detektert,inferert,inferert,2
2016-10-07,20161007,20,43,44,1,10,1,10,20,43,44,6,9,detektert,detektert,detektert,detektert,inferert,1
2016-10-14,20161014,39,10,25,42,7,7,10,25,39,42,3,6,detektert,detektert,detektert,detektert,detektert,0
2016-10-21,20161021,35,14,16,28,34,14,16,28,34,35,3,9,detektert,detektert,detektert,detektert,detektert,0
2016-10-28,20161028,1,4,12,6,13,1,4,6,12,13,1,6,detektert,detektert,detektert,detektert,inferert,1
2016-11-04,20161104,16,50,15,14,22,14,15,16,22,50,2,10,detektert,detektert,detektert,detektert,detektert,0
2016-11-11,20161111,42,1,16,47,18,1,16,18,42,47,6,8,detektert,detektert,detektert,detektert,detektert,0
2016-11-18,20161118,10,40,16,7,32,7,10,16,32,40,1,6,detektert,detektert,detektert,detektert,detektert,0
2016-11-25,20161125,28,34,49,45,19,19,28,34,45,49,1,6,detektert,detektert,detektert,detektert,detektert,0
2016-12-02,20161202,50,39,48,20,1,1,20,39,48,50,3,7,detektert,detektert,detektert,detektert,inferert,1
2017-01-13,20170113,2,26,44,21,45,2,21,26,44,45,1,6,detektert,detektert,detektert,detektert,inferert,1
2017-01-20,20170120,5,25,35,23,40,5,23,25,35,40,5,8,detektert,detektert,detektert,detektert,detektert,0
2017-01-27,20170127,29,15,12,19,48,12,15,19,29,48,7,9,detektert,detektert,detektert,detektert,inferert,1
2017-02-03,20170203,5,4,47,39,17,4,5,17,39,47,3,4,detektert,detektert,detektert,detektert,detektert,0
2017-02-10,20170210,42,31,23,13,44,13,23,31,42,44,2,5,detektert,detektert,detektert,detektert,detektert,0
2017-02-17,20170217,7,49,19,40,18,7,18,19,40,49,5,6,detektert,detektert,detektert,detektert,inferert,1
2017-02-24,20170224,19,20,7,13,1,1,7,13,19,20,6,8,detektert,detektert,detektert,detektert,inferert,1
2017-03-03,20170303,18,7,3,16,25,3,7,16,18,25,2,10,detektert,detektert,detektert,detektert,inferert,1
2017-03-10,20170310,18,20,13,35,46,13,18,20,35,46,7,8,detektert,detektert,detektert,detektert,inferert,1
2017-03-17,20170317,25,16,3,38,45,3,16,25,38,45,7,8,detektert,detektert,detektert,detektert,inferert,1
2017-03-24,20170324,36,26,44,30,25,25,26,30,36,44,3,9,detektert,detektert,detektert,detektert,inferert,1
2017-03-31,20170331,8,14,40,44,34,8,14,34,40,44,1,7,detektert,detektert,detektert,detektert,detektert,0
2017-04-07,20170407,46,45,43,27,10,10,27,43,45,46,4,8,detektert,detektert,detektert,detektert,detektert,0
2017-04-14,20170414,22,6,46,49,33,6,22,33,46,49,1,5,detektert,detektert,detektert,detektert,inferert,1
2017-04-21,20170421,46,27,31,44,49,27,31,44,46,49,6,8,detektert,detektert,detektert,detektert,inferert,1
2017-04-28,20170428,38,39,41,3,45,3,38,39,41,45,3,5,detektert,detektert,detektert,detektert,inferert,1
2017-05-05,20170505,23,42,11,41,8,8,11,23,41,42,6,8,detektert,detektert,detektert,detektert,detektert,0
2017-05-12,20170512,14,31,35,7,46,7,14,31,35,46,1,2,detektert,detektert,detektert,detektert,inferert,1
2017-05-19,20170519,22,50,33,41,46,22,33,41,46,50,2,6,detektert,detektert,detektert,detektert,detektert,0
2017-05-26,20170526,13,11,23,15,3,3,11,13,15,23,1,9,detektert,detektert,detektert,detektert,detektert,0
2017-06-02,20170602,17,2,4,20,46,2,4,17,20,46,1,8,detektert,detektert,detektert,detektert,detektert,0
2017-06-09,20170609,47,13,24,17,20,13,17,20,24,47,5,8,detektert,detektert,detektert,detektert,detektert,0
2017-06-16,20170616,31,25,1,24,38,1,24,25,31,38,1,7,detektert,detektert,detektert,detektert,detektert,0
2017-06-23,20170623,14,6,27,19,35,6,14,19,27,35,2,4,detektert,detektert,detektert,detektert,inferert,1
2017-06-30,20170630,11,3,18,1,31,1,3,11,18,31,3,6,detektert,detektert,detektert,detektert,inferert,1
2017-07-07,20170707,16,23,17,15,30,15,16,17,23,30,6,9,detektert,detektert,detektert,detektert,detektert,0
2017-07-14,20170714,49,25,3,31,9,3,9,25,31,49,8,9,detektert,detektert,detektert,detektert,detektert,0
2017-07-21,20170721,35,36,27,38,48,27,35,36,38,48,2,3,detektert,detektert,detektert,detektert,inferert,1
2017-07-28,20170728,26,40,45,18,14,14,18,26,40,45,1,5,detektert,detektert,detektert,detektert,detektert,0
2017-08-04,20170804,47,44,39,46,18,18,39,44,46,47,4,6,detektert,detektert,detektert,detektert,inferert,1
2017-08-11,20170811,14,13,21,23,40,13,14,21,23,40,1,3,detektert,detektert,detektert,inferert,inferert,2
2017-08-18,20170818,34,32,4,1,20,1,4,20,32,34,3,6,detektert,detektert,detektert,detektert,detektert,0
2017-08-25,20170825,20,11,28,41,45,11,20,28,41,45,5,9,detektert,detektert,detektert,inferert,inferert,2
2017-09-01,20170901,4,9,3,19,28,3,4,9,19,28,1,7,detektert,detektert,detektert,detektert,inferert,1
2017-10-13,20171013,40,44,9,46,43,9,40,43,44,46,1,8,detektert,detektert,detektert,detektert,detektert,0
2017-11-03,20171103,2,35,44,45,50,2,35,44,45,50,6,7,detektert,detektert,detektert,inferert,inferert,2
2017-11-10,20171110,24,50,17,14,1,1,14,17,24,50,8,9,detektert,detektert,detektert,detektert,detektert,0
2017-11-17,20171117,4,17,47,3,41,3,4,17,41,47,2,5,detektert,detektert,detektert,detektert,detektert,0
2017-11-24,20171124,18,43,11,22,16,11,16,18,22,43,7,8,detektert,detektert,detektert,detektert,detektert,0
2017-12-08,20171208,20,9,34,24,15,9,15,20,24,34,1,5,detektert,detektert,detektert,detektert,inferert,1
2017-12-15,20171215,12,7,16,1,18,1,7,12,16,18,1,4,detektert,detektert,detektert,detektert,inferert,1
2017-12-22,20171222,26,16,32,40,47,16,26,32,40,47,1,6,detektert,detektert,detektert,detektert,detektert,0
2017-12-29,20171229,16,30,33,40,43,16,30,33,40,43,2,4,detektert,detektert,detektert,detektert,detektert,0
2018-01-05,20180105,38,40,7,45,2,2,7,38,40,45,7,10,detektert,detektert,detektert,detektert,detektert,0
2018-01-12,20180112,44,25,40,17,16,16,17,25,40,44,2,9,detektert,detektert,detektert,detektert,detektert,0
2018-01-19,20180119,47,45,17,3,9,3,9,17,45,47,4,9,detektert,detektert,detektert,detektert,detektert,0
2018-01-26,20180126,29,26,35,10,23,10,23,26,29,35,3,5,detektert,detektert,detektert,detektert,detektert,0
2018-02-02,20180202,33,29,15,24,41,15,24,29,33,41,7,8,detektert,detektert,detektert,inferert,inferert,2
2018-02-09,20180209,46,24,7,8,34,7,8,24,34,46,4,8,detektert,detektert,detektert,detektert,inferert,1
2018-02-16,20180216,8,25,44,4,19,4,8,19,25,44,9,10,detektert,detektert,detektert,detektert,detektert,0
2018-02-23,20180223,26,18,46,33,42,18,26,33,42,46,4,10,detektert,detektert,detektert,detektert,detektert,0
2018-03-02,20180302,46,16,20,18,27,16,18,20,27,46,3,5,detektert,detektert,detektert,detektert,inferert,1
2018-03-09,20180309,23,15,28,33,36,15,23,28,33,36,4,7,detektert,detektert,detektert,inferert,inferert,2
2018-03-16,20180316,27,4,37,49,48,4,27,37,48,49,3,4,detektert,detektert,detektert,detektert,detektert,0
2018-03-30,20180330,32,15,5,29,17,5,15,17,29,32,5,7,detektert,detektert,detektert,detektert,detektert,0
2018-04-20,20180420,22,46,28,24,25,22,24,25,28,46,2,4,detektert,detektert,detektert,detektert,detektert,0
2018-04-27,20180427,21,31,32,9,33,9,21,31,32,33,9,10,detektert,detektert,detektert,detektert,inferert,1
2018-05-04,20180504,49,24,26,29,36,24,26,29,36,49,3,6,detektert,detektert,detektert,detektert,detektert,0
2018-05-11,20180511,14,17,37,3,39,3,14,17,37,39,5,10,detektert,detektert,detektert,detektert,inferert,1
2018-05-25,20180525,35,31,15,40,46,15,31,35,40,46,3,8,detektert,detektert,detektert,inferert,inferert,2
2018-06-01,20180601,21,30,14,19,32,14,19,21,30,32,4,7,detektert,detektert,detektert,detektert,inferert,1
2018-06-08,20180608,13,39,36,22,5,5,13,22,36,39,9,10,detektert,detektert,detektert,detektert,detektert,0
2018-06-15,20180615,5,21,1,7,9,1,5,7,9,21,3,10,detektert,detektert,detektert,detektert,inferert,1
2018-06-22,20180622,33,35,16,43,24,16,24,33,35,43,6,7,detektert,detektert,detektert,detektert,detektert,0
2018-06-29,20180629,9,18,30,47,48,9,18,30,47,48,4,6,detektert,detektert,inferert,inferert,inferert,3
2018-07-06,20180706,38,7,24,2,45,2,7,24,38,45,5,8,detektert,detektert,detektert,detektert,inferert,1
2018-07-13,20180713,34,14,21,13,46,13,14,21,34,46,2,5,detektert,detektert,detektert,detektert,inferert,1
2018-07-20,20180720,33,13,40,42,43,13,33,40,42,43,7,9,detektert,detektert,inferert,inferert,inferert,3
2018-07-27,20180727,22,2,40,43,50,2,22,40,43,50,3,8,detektert,detektert,detektert,inferert,inferert,2
2018-08-03,20180803,8,25,4,12,31,4,8,12,25,31,7,8,detektert,detektert,detektert,detektert,inferert,1
2018-08-10,20180810,4,15,17,21,23,4,15,17,21,23,6,7,inferert,inferert,inferert,inferert,inferert,5
2018-08-17,20180817,44,43,32,2,12,2,12,32,43,44,3,4,detektert,detektert,detektert,detektert,detektert,0
2018-08-24,20180824,25,26,8,38,48,8,25,26,38,48,6,9,detektert,detektert,detektert,detektert,inferert,1
2018-08-31,20180831,9,6,24,18,3,3,6,9,18,24,2,7,detektert,detektert,detektert,detektert,detektert,0
2018-09-07,20180907,36,4,7,43,28,4,7,28,36,43,1,6,detektert,detektert,detektert,detektert,detektert,0
2018-09-14,20180914,35,33,24,46,49,24,33,35,46,49,5,9,detektert,detektert,detektert,detektert,inferert,1
2018-09-21,20180921,5,8,16,42,46,5,8,16,42,46,2,10,detektert,detektert,detektert,inferert,inferert,2
2018-09-28,20180928,18,8,13,3,40,3,8,13,18,40,6,10,detektert,detektert,detektert,detektert,inferert,1
2018-10-05,20181005,12,44,32,49,15,12,15,32,44,49,5,7,detektert,detektert,detektert,detektert,detektert,0
2018-10-12,20181012,6,50,26,31,42,6,26,31,42,50,2,9,detektert,detektert,detektert,detektert,inferert,1
2018-10-19,20181019,28,32,9,12,48,9,12,28,32,48,7,8,detektert,detektert,detektert,detektert,inferert,1
2018-10-26,20181026,19,38,33,18,44,18,19,33,38,44,4,10,detektert,detektert,detektert,detektert,inferert,1
2018-11-02,20181102,27,17,33,5,42,5,17,27,33,42,9,10,detektert,detektert,detektert,inferert,inferert,2
2018-11-09,20181109,34,46,8,32,49,8,32,34,46,49,3,5,detektert,detektert,detektert,detektert,inferert,1
2018-11-16,20181116,15,18,13,39,45,13,15,18,39,45,5,6,detektert,detektert,detektert,inferert,inferert,2
2018-11-23,20181123,22,46,28,31,17,17,22,28,31,46,5,10,detektert,detektert,detektert,detektert,detektert,0
2018-11-30,20181130,35,36,22,18,41,18,22,35,36,41,3,4,detektert,detektert,detektert,detektert,inferert,1
2018-12-07,20181207,21,16,4,31,42,4,16,21,31,42,4,6,detektert,detektert,detektert,detektert,inferert,1
2018-12-14,20181214,24,14,26,4,30,4,14,24,26,30,9,10,detektert,detektert,detektert,detektert,inferert,1
2018-12-21,20181221,34,16,20,3,49,3,16,20,34,49,2,10,detektert,detektert,detektert,detektert,inferert,1
2018-12-28,20181228,24,19,31,38,40,19,24,31,38,40,7,10,detektert,detektert,detektert,detektert,inferert,1
2019-01-04,20190104,25,32,10,3,43,3,10,25,32,43,1,3,detektert,detektert,detektert,detektert,detektert,0
2019-01-11,20190111,6,12,35,49,39,6,12,35,39,49,4,9,detektert,detektert,detektert,detektert,detektert,0
2019-01-18,20190118,23,9,2,36,47,2,9,23,36,47,2,9,detektert,detektert,detektert,detektert,inferert,1
2019-01-25,20190125,48,28,35,25,24,24,25,28,35,48,4,8,detektert,detektert,detektert,detektert,detektert,0
2019-02-01,20190201,47,6,38,29,45,6,29,38,45,47,2,3,detektert,detektert,detektert,detektert,inferert,1
2019-02-08,20190208,5,21,8,26,24,5,8,21,24,26,4,5,detektert,detektert,detektert,detektert,inferert,1
2019-02-22,20190222,21,26,16,25,14,14,16,21,25,26,8,10,detektert,detektert,detektert,detektert,detektert,0
2019-03-01,20190301,16,7,24,19,18,7,16,18,19,24,1,6,detektert,detektert,detektert,detektert,detektert,0
2019-03-08,20190308,4,30,29,45,31,4,29,30,31,45,1,7,detektert,detektert,detektert,detektert,detektert,0
2019-03-15,20190315,11,1,19,2,47,1,2,11,19,47,2,7,detektert,detektert,detektert,detektert,inferert,1
2019-03-22,20190322,44,49,20,24,15,15,20,24,44,49,7,9,detektert,detektert,detektert,detektert,detektert,0
2019-03-29,20190329,4,24,9,15,42,4,9,15,24,42,8,9,detektert,detektert,detektert,detektert,inferert,1
2019-04-05,20190405,31,22,43,44,50,22,31,43,44,50,1,9,detektert,detektert,detektert,inferert,inferert,2
2019-04-12,20190412,14,16,30,21,37,14,16,21,30,37,4,8,detektert,detektert,detektert,detektert,inferert,1
2019-04-19,20190419,37,18,21,43,47,18,21,37,43,47,1,3,detektert,detektert,detektert,inferert,inferert,2
2019-04-26,20190426,38,6,1,17,11,1,6,11,17,38,4,8,detektert,detektert,detektert,detektert,detektert,0
2019-05-03,20190503,10,42,9,3,19,3,9,10,19,42,1,7,detektert,detektert,detektert,detektert,detektert,0
2019-05-17,20190517,27,46,35,33,20,20,27,33,35,46,5,9,detektert,detektert,detektert,detektert,inferert,1
2019-05-24,20190524,8,26,38,47,50,8,26,38,47,50,3,7,detektert,detektert,detektert,detektert,inferert,1
2019-05-31,20190531,10,12,36,35,43,10,12,35,36,43,2,5,detektert,detektert,detektert,detektert,inferert,1
2019-06-07,20190607,8,20,7,35,38,7,8,20,35,38,5,9,detektert,detektert,detektert,inferert,inferert,2
2019-06-14,20190614,40,41,23,42,8,8,23,40,41,42,2,10,detektert,detektert,detektert,detektert,detektert,0
2019-06-21,20190621,27,20,37,41,45,20,27,37,41,45,1,7,detektert,detektert,inferert,inferert,inferert,3
2019-06-28,20190628,25,26,18,35,38,18,25,26,35,38,5,6,detektert,detektert,detektert,detektert,inferert,1
2019-07-05,20190705,1,48,50,15,34,1,15,34,48,50,6,10,detektert,detektert,detektert,detektert,inferert,1
2019-07-12,20190712,36,40,31,42,45,31,36,40,42,45,7,9,detektert,detektert,detektert,detektert,inferert,1
2019-07-19,20190719,31,32,45,47,49,31,32,45,47,49,7,9,detektert,detektert,detektert,inferert,inferert,2
2019-07-26,20190726,3,8,30,46,48,3,8,30,46,48,1,3,detektert,detektert,detektert,inferert,inferert,2
2019-08-02,20190802,41,38,11,6,44,6,11,38,41,44,9,10,detektert,detektert,detektert,detektert,inferert,1
2019-08-09,20190809,20,4,21,2,49,2,4,20,21,49,9,10,detektert,detektert,detektert,detektert,inferert,1
2019-08-16,20190816,7,44,20,42,35,7,20,35,42,44,3,7,detektert,detektert,detektert,detektert,inferert,1
2019-08-23,20190823,15,18,19,41,42,15,18,19,41,42,4,6,inferert,inferert,inferert,inferert,inferert,5
2019-08-30,20190830,10,35,46,18,32,10,18,32,35,46,3,10,detektert,detektert,detektert,detektert,inferert,1
2019-09-06,20190906,21,29,24,50,30,21,24,29,30,50,1,5,detektert,detektert,detektert,detektert,detektert,0
2019-09-13,20190913,21,22,3,33,47,3,21,22,33,47,2,9,detektert,detektert,detektert,detektert,detektert,0
2019-09-20,20190920,41,48,17,21,49,17,21,41,48,49,4,8,detektert,detektert,detektert,detektert,inferert,1
2019-09-27,20190927,24,26,34,21,47,21,24,26,34,47,4,6,detektert,detektert,detektert,detektert,inferert,1
2019-10-04,20191004,19,20,15,45,49,15,19,20,45,49,7,8,detektert,detektert,detektert,inferert,inferert,2
2019-10-11,20191011,39,8,12,44,13,8,12,13,39,44,4,9,detektert,detektert,detektert,detektert,inferert,1
2019-10-18,20191018,6,9,31,44,43,6,9,31,43,44,6,9,detektert,detektert,detektert,detektert,detektert,0
2019-10-25,20191025,30,2,34,45,35,2,30,34,35,45,1,2,detektert,detektert,detektert,detektert,inferert,1
2019-11-01,20191101,3,31,17,34,40,3,17,31,34,40,1,2,detektert,detektert,detektert,detektert,inferert,1
2019-11-08,20191108,20,39,14,23,49,14,20,23,39,49,4,10,detektert,detektert,detektert,detektert,detektert,0
2019-11-15,20191115,24,19,30,10,39,10,19,24,30,39,2,4,detektert,detektert,detektert,detektert,inferert,1
2019-11-22,20191122,37,24,12,38,3,3,12,24,37,38,3,7,detektert,detektert,detektert,detektert,detektert,0
2019-11-29,20191129,30,31,3,2,45,2,3,30,31,45,6,8,detektert,detektert,detektert,detektert,detektert,0
2019-12-06,20191206,23,30,14,8,45,8,14,23,30,45,1,9,detektert,detektert,detektert,detektert,inferert,1
2019-12-13,20191213,25,31,49,38,50,25,31,38,49,50,5,10,detektert,detektert,detektert,detektert,inferert,1
2019-12-20,20191220,21,20,22,12,35,12,20,21,22,35,4,10,detektert,detektert,detektert,detektert,inferert,1
2019-12-27,20191227,34,28,12,7,45,7,12,28,34,45,3,6,detektert,detektert,detektert,detektert,detektert,0
2020-01-03,20200103,27,30,6,35,41,6,27,30,35,41,4,5,detektert,detektert,detektert,detektert,inferert,1
2020-01-10,20200110,14,4,25,34,49,4,14,25,34,49,4,9,detektert,detektert,inferert,inferert,inferert,3
2020-01-17,20200117,23,1,32,45,49,1,23,32,45,49,5,10,detektert,detektert,detektert,inferert,inferert,2
2020-01-24,20200124,20,12,29,5,48,5,12,20,29,48,7,9,detektert,detektert,detektert,detektert,inferert,1
2020-01-31,20200131,7,1,23,12,39,1,7,12,23,39,3,4,detektert,detektert,detektert,inferert,inferert,2
2020-02-07,20200207,44,22,16,7,36,7,16,22,36,44,3,4,detektert,detektert,detektert,detektert,inferert,1
2020-02-14,20200214,30,6,2,32,49,2,6,30,32,49,1,4,detektert,detektert,detektert,inferert,inferert,2
2020-02-21,20200221,39,2,47,13,45,2,13,39,45,47,4,6,detektert,detektert,detektert,detektert,detektert,0
2020-02-28,20200228,38,29,22,24,12,12,22,24,29,38,5,6,detektert,detektert,detektert,detektert,detektert,0
2020-03-06,20200306,19,36,41,35,15,15,19,35,36,41,5,10,detektert,detektert,detektert,detektert,inferert,1
2020-03-13,20200313,1,17,39,42,29,1,17,29,39,42,7,8,detektert,detektert,detektert,detektert,detektert,0
2020-03-20,20200320,37,28,14,30,9,9,14,28,30,37,3,10,detektert,detektert,detektert,detektert,detektert,0
2020-03-27,20200327,23,19,34,13,41,13,19,23,34,41,3,8,detektert,detektert,detektert,detektert,inferert,1
2020-04-03,20200403,3,21,40,26,41,3,21,26,40,41,8,10,detektert,detektert,detektert,inferert,inferert,2
2020-04-10,20200410,2,8,7,43,50,2,7,8,43,50,2,3,detektert,detektert,detektert,inferert,inferert,2
2020-04-17,20200417,18,33,1,23,41,1,18,23,33,41,2,6,detektert,detektert,detektert,inferert,inferert,2
2020-04-24,20200424,6,34,13,35,15,6,13,15,34,35,1,5,detektert,detektert,detektert,detektert,inferert,1
2020-05-01,20200501,41,11,12,6,21,6,11,12,21,41,1,2,detektert,detektert,detektert,detektert,inferert,1
2020-05-08,20200508,36,15,9,11,43,9,11,15,36,43,8,9,detektert,detektert,detektert,detektert,inferert,1
2020-05-15,20200515,49,29,34,21,27,21,27,29,34,49,8,10,detektert,detektert,detektert,detektert,inferert,1
2020-05-22,20200522,40,12,32,45,15,12,15,32,40,45,7,10,detektert,detektert,detektert,detektert,inferert,1
2020-05-29,20200529,36,8,22,31,32,8,22,31,32,36,6,10,detektert,detektert,detektert,detektert,detektert,0
2020-06-05,20200605,39,9,29,16,17,9,16,17,29,39,1,8,detektert,detektert,detektert,inferert,inferert,2
2020-06-12,20200612,22,16,7,30,48,7,16,22,30,48,2,8,detektert,detektert,detektert,inferert,inferert,2
2020-06-19,20200619,38,47,33,2,22,2,22,33,38,47,2,9,detektert,detektert,detektert,detektert,inferert,1
2020-06-26,20200626,34,32,14,47,16,14,16,32,34,47,7,9,detektert,detektert,detektert,detektert,inferert,1
2020-07-03,20200703,36,34,12,48,47,12,34,36,47,48,5,7,detektert,detektert,detektert,detektert,inferert,1
2020-07-10,20200710,6,9,15,5,29,5,6,9,15,29,4,9,detektert,detektert,detektert,detektert,inferert,1
2020-07-17,20200717,21,13,25,34,35,13,21,25,34,35,5,10,detektert,detektert,inferert,inferert,inferert,3
2020-08-14,20200814,48,20,27,9,35,9,20,27,35,48,5,9,detektert,detektert,detektert,detektert,detektert,0
2020-08-21,20200821,27,30,26,46,49,26,27,30,46,49,1,2,detektert,detektert,detektert,detektert,inferert,1
2020-08-28,20200828,22,11,38,8,41,8,11,22,38,41,4,7,detektert,detektert,detektert,detektert,detektert,0
2020-09-04,20200904,38,23,28,5,49,5,23,28,38,49,3,9,detektert,detektert,detektert,detektert,inferert,1
2020-09-11,20200911,2,5,45,43,24,2,5,24,43,45,4,10,detektert,detektert,detektert,detektert,inferert,1
2020-09-18,20200918,14,12,40,7,42,7,12,14,40,42,7,8,detektert,detektert,detektert,detektert,inferert,1
2020-09-25,20200925,9,1,29,7,46,1,7,9,29,46,9,10,detektert,detektert,detektert,detektert,detektert,0
2020-10-02,20201002,39,49,15,19,34,15,19,34,39,49,2,7,detektert,detektert,detektert,inferert,inferert,2
2020-10-09,20201009,17,11,23,29,1,1,11,17,23,29,1,8,detektert,detektert,detektert,detektert,detektert,0
2020-10-16,20201016,44,35,5,11,50,5,11,35,44,50,4,10,detektert,detektert,detektert,detektert,inferert,1
2020-10-23,20201023,21,37,23,17,45,17,21,23,37,45,7,9,detektert,detektert,detektert,detektert,inferert,1
2020-10-30,20201030,19,24,33,11,39,11,19,24,33,39,1,4,detektert,detektert,detektert,detektert,inferert,1
2020-11-06,20201106,5,12,26,47,50,5,12,26,47,50,2,3,detektert,detektert,inferert,inferert,inferert,3
2020-11-13,20201113,21,17,5,37,38,5,17,21,37,38,1,4,detektert,detektert,detektert,detektert,inferert,1
2020-11-20,20201120,20,50,18,49,34,18,20,34,49,50,7,8,detektert,detektert,detektert,detektert,detektert,0
2020-11-27,20201127,30,1,22,25,2,1,2,22,25,30,5,10,detektert,detektert,detektert,detektert,detektert,0
2020-12-04,20201204,40,27,41,1,37,1,27,37,40,41,7,10,detektert,detektert,detektert,detektert,inferert,1
2020-12-11,20201211,13,4,49,15,41,4,13,15,41,49,1,9,detektert,detektert,detektert,inferert,inferert,2
2020-12-18,20201218,28,17,50,4,27,4,17,27,28,50,5,8,detektert,detektert,detektert,detektert,inferert,1
2020-12-25,20201225,7,10,19,26,42,7,10,19,26,42,1,9,detektert,detektert,inferert,inferert,inferert,3
2021-01-01,20210101,17,43,36,38,46,17,36,38,43,46,4,6,detektert,detektert,detektert,detektert,inferert,1
2021-01-08,20210108,25,50,22,8,38,8,22,25,38,50,8,9,detektert,detektert,detektert,detektert,inferert,1
2021-01-15,20210115,19,32,36,46,10,10,19,32,36,46,4,6,detektert,detektert,detektert,detektert,inferert,1
2021-01-22,20210122,41,40,38,46,48,38,40,41,46,48,2,6,detektert,detektert,detektert,inferert,inferert,2
2021-01-29,20210129,30,36,16,33,43,16,30,33,36,43,4,8,detektert,detektert,detektert,inferert,inferert,2
2021-02-05,20210205,2,33,3,16,46,2,3,16,33,46,2,10,detektert,detektert,detektert,detektert,inferert,1
2021-02-12,20210212,24,18,15,27,44,15,18,24,27,44,2,7,detektert,detektert,detektert,detektert,inferert,1
2021-02-19,20210219,36,38,35,27,41,27,35,36,38,41,5,7,detektert,detektert,detektert,detektert,detektert,0
2021-02-26,20210226,13,24,3,29,32,3,13,24,29,32,1,7,detektert,detektert,detektert,detektert,inferert,1
2021-03-05,20210305,9,23,34,40,42,9,23,34,40,42,1,4,detektert,detektert,detektert,inferert,inferert,2
2021-03-12,20210312,26,11,18,6,34,6,11,18,26,34,5,8,detektert,detektert,detektert,detektert,inferert,1
2021-03-19,20210319,3,34,19,11,37,3,11,19,34,37,8,9,detektert,detektert,detektert,detektert,inferert,1
2021-03-26,20210326,38,7,41,44,50,7,38,41,44,50,1,8,detektert,detektert,detektert,inferert,inferert,2
2021-04-02,20210402,3,36,1,4,43,1,3,4,36,43,2,3,detektert,detektert,detektert,detektert,inferert,1
2021-04-09,20210409,11,23,18,29,32,11,18,23,29,32,3,7,detektert,detektert,detektert,inferert,inferert,2
2021-04-16,20210416,31,19,12,20,28,12,19,20,28,31,6,9,detektert,detektert,detektert,inferert,inferert,2
2021-04-23,20210423,3,11,6,14,49,3,6,11,14,49,1,5,detektert,detektert,detektert,detektert,inferert,1
2021-04-30,20210430,34,23,43,27,40,23,27,34,40,43,5,7,detektert,detektert,detektert,detektert,detektert,0
2021-05-07,20210507,7,27,29,3,19,3,7,19,27,29,7,10,detektert,detektert,detektert,detektert,inferert,1
2021-05-14,20210514,29,42,15,1,50,1,15,29,42,50,3,6,detektert,detektert,detektert,detektert,inferert,1
2021-05-21,20210521,2,39,12,33,15,2,12,15,33,39,4,9,detektert,detektert,detektert,detektert,detektert,0
2021-05-28,20210528,43,26,15,35,37,15,26,35,37,43,3,8,detektert,detektert,detektert,inferert,inferert,2
2021-06-04,20210604,49,17,50,13,26,13,17,26,49,50,1,7,detektert,detektert,detektert,detektert,detektert,0
2021-06-11,20210611,20,8,23,48,50,8,20,23,48,50,8,9,detektert,detektert,inferert,inferert,inferert,3
2021-06-18,20210618,14,11,44,46,49,11,14,44,46,49,7,10,detektert,detektert,detektert,detektert,inferert,1
2021-06-25,20210625,47,22,4,30,17,4,17,22,30,47,1,8,detektert,detektert,detektert,detektert,detektert,0
2021-07-02,20210702,5,10,4,25,31,4,5,10,25,31,4,6,detektert,detektert,detektert,detektert,detektert,0
2021-07-09,20210709,15,14,20,31,8,8,14,15,20,31,8,9,detektert,detektert,detektert,detektert,detektert,0
2021-07-16,20210716,14,24,9,37,39,9,14,24,37,39,4,9,detektert,detektert,detektert,detektert,inferert,1
2021-07-23,20210723,13,33,42,48,50,13,33,42,48,50,3,9,detektert,detektert,inferert,inferert,inferert,3
2021-07-30,20210730,44,5,14,39,43,5,14,39,43,44,1,6,detektert,detektert,inferert,inferert,inferert,3
2021-08-06,20210806,21,19,29,16,36,16,19,21,29,36,1,7,detektert,detektert,detektert,detektert,inferert,1
2021-08-13,20210813,31,4,39,43,46,4,31,39,43,46,1,4,detektert,detektert,detektert,detektert,inferert,1
2021-08-20,20210820,34,8,31,36,45,8,31,34,36,45,8,10,detektert,detektert,detektert,inferert,inferert,2
2021-08-27,20210827,19,42,25,22,20,19,20,22,25,42,4,6,detektert,detektert,detektert,detektert,detektert,0
2021-09-03,20210903,9,44,20,5,48,5,9,20,44,48,4,10,detektert,detektert,detektert,detektert,inferert,1
2021-09-10,20210910,2,18,23,42,14,2,14,18,23,42,5,10,detektert,detektert,detektert,detektert,detektert,0
2021-09-17,20210917,14,27,17,20,32,14,17,20,27,32,3,7,detektert,detektert,detektert,detektert,inferert,1
2021-09-24,20210924,12,49,22,35,38,12,22,35,38,49,5,10,detektert,detektert,detektert,inferert,inferert,2
2021-10-01,20211001,37,34,33,20,39,20,33,34,37,39,4,8,detektert,detektert,detektert,inferert,inferert,2
2021-10-08,20211008,32,28,46,38,20,20,28,32,38,46,6,8,detektert,detektert,detektert,detektert,detektert,0
2021-10-15,20211015,6,8,21,25,2,2,6,8,21,25,6,9,detektert,detektert,detektert,detektert,detektert,0
2021-10-22,20211022,34,15,33,38,43,15,33,34,38,43,3,7,detektert,detektert,detektert,inferert,inferert,2
2021-10-29,20211029,23,11,37,38,44,11,23,37,38,44,4,8,detektert,detektert,detektert,inferert,inferert,2
2021-11-05,20211105,31,13,49,25,6,6,13,25,31,49,2,7,detektert,detektert,detektert,detektert,detektert,0
2021-11-12,20211112,30,4,43,44,46,4,30,43,44,46,1,3,detektert,detektert,inferert,inferert,inferert,3
2021-11-19,20211119,6,21,12,34,20,6,12,20,21,34,4,5,detektert,detektert,detektert,detektert,inferert,1
2021-11-26,20211126,7,21,17,39,37,7,17,21,37,39,3,5,detektert,detektert,detektert,detektert,inferert,1
2021-12-03,20211203,5,23,2,13,15,2,5,13,15,23,6,8,detektert,detektert,detektert,inferert,inferert,2
2021-12-10,20211210,8,48,30,9,34,8,9,30,34,48,5,8,detektert,detektert,detektert,detektert,detektert,0
2021-12-17,20211217,6,8,16,44,50,6,8,16,44,50,1,10,detektert,detektert,inferert,inferert,inferert,3
2021-12-24,20211224,17,21,35,3,42,3,17,21,35,42,8,9,detektert,detektert,detektert,detektert,detektert,0
2021-12-31,20211231,16,36,7,42,43,7,16,36,42,43,6,8,detektert,detektert,detektert,detektert,inferert,1
2022-01-07,20220107,17,21,8,23,47,8,17,21,23,47,2,6,detektert,detektert,detektert,detektert,inferert,1
2022-01-14,20220114,15,27,9,41,44,9,15,27,41,44,2,4,detektert,detektert,detektert,detektert,inferert,1
2022-01-21,20220121,29,5,9,32,2,2,5,9,29,32,2,4,detektert,detektert,detektert,detektert,detektert,0
2022-01-28,20220128,23,21,29,5,35,5,21,23,29,35,7,9,detektert,detektert,detektert,detektert,inferert,1
2022-02-04,20220204,18,27,33,12,41,12,18,27,33,41,9,10,detektert,detektert,detektert,detektert,detektert,0
2022-02-11,20220211,5,10,26,37,42,5,10,26,37,42,3,10,detektert,detektert,inferert,inferert,inferert,3
2022-02-18,20220218,5,29,10,25,32,5,10,25,29,32,4,7,detektert,detektert,detektert,inferert,inferert,2
2022-02-25,20220225,4,41,34,43,19,4,19,34,41,43,1,5,detektert,detektert,detektert,detektert,inferert,1
2022-03-04,20220304,1,36,20,17,49,1,17,20,36,49,6,9,detektert,detektert,detektert,detektert,inferert,1
2022-03-11,20220311,39,46,31,5,49,5,31,39,46,49,8,9,detektert,detektert,detektert,detektert,detektert,0
2022-03-18,20220318,1,38,8,43,33,1,8,33,38,43,2,6,detektert,detektert,detektert,detektert,detektert,0
2022-03-25,20220325,46,11,31,35,20,11,20,31,35,46,6,10,detektert,detektert,detektert,detektert,detektert,0
2022-03-29,20220329,15,18,10,24,39,10,15,18,24,39,2,11,detektert,detektert,detektert,detektert,inferert,1
2022-04-01,20220401,8,35,37,7,49,7,8,35,37,49,5,8,detektert,detektert,detektert,detektert,inferert,1
2022-04-05,20220405,9,10,28,38,48,9,10,28,38,48,8,12,detektert,detektert,detektert,inferert,inferert,2
2022-04-08,20220408,48,26,45,2,41,2,26,41,45,48,5,12,detektert,detektert,detektert,detektert,detektert,0
2022-04-12,20220412,20,36,24,41,19,19,20,24,36,41,4,5,detektert,detektert,detektert,detektert,detektert,0
2022-04-15,20220415,5,2,10,20,24,2,5,10,20,24,4,7,detektert,detektert,detektert,inferert,inferert,2
2022-04-19,20220419,17,7,15,35,3,3,7,15,17,35,3,4,detektert,detektert,detektert,detektert,detektert,0
2022-04-22,20220422,18,28,42,2,50,2,18,28,42,50,2,11,detektert,detektert,detektert,detektert,inferert,1
2022-04-26,20220426,27,32,41,10,49,10,27,32,41,49,1,9,detektert,detektert,detektert,detektert,inferert,1
2022-04-29,20220429,17,18,6,5,34,5,6,17,18,34,1,11,detektert,detektert,detektert,detektert,inferert,1
2022-05-03,20220503,22,6,30,24,13,6,13,22,24,30,5,10,detektert,detektert,detektert,detektert,detektert,0
2022-05-06,20220506,6,39,49,5,50,5,6,39,49,50,10,12,detektert,detektert,detektert,detektert,inferert,1
2022-05-10,20220510,34,43,50,3,7,3,7,34,43,50,5,10,detektert,detektert,detektert,detektert,detektert,0
2022-05-13,20220513,30,7,13,47,43,7,13,30,43,47,7,11,detektert,detektert,detektert,detektert,detektert,0
2022-05-17,20220517,2,41,45,13,50,2,13,41,45,50,2,3,detektert,detektert,detektert,detektert,inferert,1
2022-05-20,20220520,47,32,4,22,28,4,22,28,32,47,1,2,detektert,detektert,detektert,detektert,detektert,0
2022-05-24,20220524,47,26,40,25,45,25,26,40,45,47,4,5,detektert,detektert,detektert,detektert,inferert,1
2022-05-27,20220527,26,8,29,41,48,8,26,29,41,48,3,5,detektert,detektert,detektert,detektert,inferert,1
2022-05-31,20220531,37,30,14,50,39,14,30,37,39,50,4,12,detektert,detektert,detektert,detektert,detektert,0
2022-06-03,20220603,39,22,41,27,4,4,22,27,39,41,1,9,detektert,detektert,detektert,detektert,detektert,0
2022-06-07,20220607,49,5,7,45,48,5,7,45,48,49,3,8,detektert,detektert,detektert,detektert,detektert,0
2022-06-10,20220610,28,3,23,21,46,3,21,23,28,46,10,12,detektert,detektert,detektert,detektert,detektert,0
2022-06-14,20220614,28,30,35,50,11,11,28,30,35,50,7,8,detektert,detektert,detektert,detektert,detektert,0
2022-06-17,20220617,1,2,23,43,45,1,2,23,43,45,1,9,detektert,detektert,detektert,detektert,inferert,1
2022-06-21,20220621,6,17,49,10,29,6,10,17,29,49,2,5,detektert,detektert,detektert,detektert,detektert,0
2022-06-24,20220624,24,13,30,35,48,13,24,30,35,48,4,5,detektert,detektert,detektert,inferert,inferert,2
2022-06-28,20220628,10,23,2,29,50,2,10,23,29,50,3,10,detektert,detektert,detektert,detektert,inferert,1
2022-07-01,20220701,10,34,24,4,35,4,10,24,34,35,7,8,detektert,detektert,detektert,detektert,detektert,0
2022-07-05,20220705,16,28,7,36,43,7,16,28,36,43,2,11,detektert,detektert,detektert,inferert,inferert,2
2022-07-08,20220708,10,22,6,30,36,6,10,22,30,36,8,10,detektert,detektert,detektert,inferert,inferert,2
2022-07-12,20220712,47,16,30,26,3,3,16,26,30,47,1,2,detektert,detektert,detektert,detektert,detektert,0
2022-07-15,20220715,11,16,9,19,32,9,11,16,19,32,3,5,detektert,detektert,detektert,detektert,inferert,1
2022-07-19,20220719,23,24,37,20,43,20,23,24,37,43,9,10,detektert,detektert,detektert,detektert,inferert,1
2022-07-22,20220722,11,17,1,19,33,1,11,17,19,33,3,7,detektert,detektert,detektert,detektert,inferert,1
2022-07-26,20220726,1,7,24,2,25,1,2,7,24,25,2,5,detektert,detektert,detektert,detektert,inferert,1
2022-07-29,20220729,14,26,29,46,50,14,26,29,46,50,10,11,detektert,detektert,detektert,detektert,detektert,0
2022-08-02,20220802,39,40,11,47,6,6,11,39,40,47,7,8,detektert,detektert,detektert,detektert,detektert,0
2022-08-05,20220805,10,31,49,12,17,10,12,17,31,49,2,8,detektert,detektert,detektert,detektert,detektert,0
2022-08-09,20220809,40,26,36,23,44,23,26,36,40,44,5,10,detektert,detektert,detektert,detektert,detektert,0
2022-08-12,20220812,46,14,34,38,32,14,32,34,38,46,2,5,detektert,detektert,detektert,detektert,detektert,0
2022-08-16,20220816,32,17,49,34,4,4,17,32,34,49,4,9,detektert,detektert,detektert,detektert,detektert,0
2022-08-19,20220819,4,32,13,41,39,4,13,32,39,41,6,8,detektert,detektert,detektert,detektert,inferert,1
2022-08-23,20220823,2,21,39,9,18,2,9,18,21,39,4,10,detektert,detektert,detektert,detektert,inferert,1
2022-08-26,20220826,6,29,18,2,37,2,6,18,29,37,10,12,detektert,detektert,detektert,detektert,inferert,1
2022-08-30,20220830,27,18,49,41,45,18,27,41,45,49,7,9,detektert,detektert,detektert,detektert,inferert,1
2022-09-02,20220902,5,11,2,22,24,2,5,11,22,24,7,12,detektert,detektert,detektert,inferert,inferert,2
2022-09-06,20220906,6,38,11,10,20,6,10,11,20,38,3,9,detektert,detektert,detektert,detektert,inferert,1
2022-09-09,20220909,26,43,41,9,18,9,18,26,41,43,4,9,detektert,detektert,detektert,detektert,inferert,1
2022-09-13,20220913,20,40,26,22,34,20,22,26,34,40,8,12,detektert,detektert,detektert,detektert,detektert,0
2022-09-16,20220916,27,16,25,41,45,16,25,27,41,45,3,9,detektert,detektert,detektert,inferert,inferert,2
2022-09-20,20220920,22,2,36,40,13,2,13,22,36,40,3,5,detektert,detektert,detektert,detektert,detektert,0
2022-09-23,20220923,20,39,30,38,44,20,30,38,39,44,2,12,detektert,detektert,detektert,inferert,inferert,2
2022-09-27,20220927,44,31,23,15,26,15,23,26,31,44,1,8,detektert,detektert,detektert,inferert,inferert,2
2022-09-30,20220930,15,8,12,17,46,8,12,15,17,46,1,8,detektert,detektert,detektert,inferert,inferert,2
2022-10-04,20221004,49,17,42,48,43,17,42,43,48,49,3,7,detektert,detektert,detektert,detektert,detektert,0
2022-10-07,20221007,17,26,16,30,35,16,17,26,30,35,3,9,detektert,detektert,detektert,detektert,inferert,1
2022-10-11,20221011,7,36,47,39,35,7,35,36,39,47,3,8,detektert,detektert,detektert,detektert,inferert,1
2022-10-14,20221014,44,5,3,10,8,3,5,8,10,44,7,12,detektert,detektert,detektert,detektert,detektert,0
2022-10-18,20221018,13,18,24,34,50,13,18,24,34,50,5,6,detektert,detektert,detektert,inferert,inferert,2
2022-10-21,20221021,2,47,11,49,18,2,11,18,47,49,2,7,detektert,detektert,detektert,detektert,detektert,0
2022-10-25,20221025,37,35,26,17,39,17,26,35,37,39,3,4,detektert,detektert,detektert,detektert,inferert,1
2022-10-28,20221028,21,5,4,30,43,4,5,21,30,43,5,11,detektert,detektert,detektert,inferert,inferert,2
2022-11-01,20221101,39,32,42,18,44,18,32,39,42,44,4,7,detektert,detektert,detektert,detektert,inferert,1
2022-11-11,20221111,28,11,15,24,41,11,15,24,28,41,3,12,detektert,detektert,detektert,inferert,inferert,2
2022-11-15,20221115,7,1,48,33,11,1,7,11,33,48,9,12,detektert,detektert,detektert,detektert,inferert,1
2022-11-18,20221118,14,13,25,28,42,13,14,25,28,42,11,12,detektert,detektert,detektert,inferert,inferert,2
2022-11-22,20221122,23,20,11,46,37,11,20,23,37,46,9,11,detektert,detektert,detektert,detektert,inferert,1
2022-11-25,20221125,4,6,8,42,48,4,6,8,42,48,6,11,detektert,detektert,detektert,inferert,inferert,2
2022-11-29,20221129,37,16,46,9,32,9,16,32,37,46,7,12,detektert,detektert,detektert,detektert,detektert,0
2022-12-02,20221202,6,49,12,48,25,6,12,25,48,49,11,12,detektert,detektert,detektert,detektert,detektert,0
2022-12-06,20221206,44,12,47,37,8,8,12,37,44,47,7,10,detektert,detektert,detektert,detektert,detektert,0
2022-12-09,20221209,6,32,13,8,21,6,8,13,21,32,3,6,detektert,detektert,detektert,detektert,detektert,0
2022-12-13,20221213,3,33,13,36,47,3,13,33,36,47,3,11,detektert,detektert,detektert,inferert,inferert,2
2022-12-16,20221216,20,47,14,9,15,9,14,15,20,47,8,12,detektert,detektert,detektert,detektert,detektert,0
2022-12-20,20221220,11,43,49,26,6,6,11,26,43,49,5,8,detektert,detektert,detektert,detektert,detektert,0
2022-12-23,20221223,34,44,9,35,42,9,34,35,42,44,6,11,detektert,detektert,detektert,inferert,inferert,2
2022-12-27,20221227,44,37,34,33,28,28,33,34,37,44,4,11,detektert,detektert,detektert,detektert,detektert,0
2022-12-30,20221230,47,45,50,3,37,3,37,45,47,50,5,10,detektert,detektert,detektert,detektert,detektert,0
2023-01-03,20230103,28,50,31,37,29,28,29,31,37,50,4,5,detektert,detektert,detektert,detektert,detektert,0
2023-01-10,20230110,16,45,41,9,27,9,16,27,41,45,1,4,detektert,detektert,detektert,detektert,inferert,1
2023-01-13,20230113,34,14,41,7,49,7,14,34,41,49,4,9,detektert,detektert,detektert,detektert,inferert,1
2023-01-17,20230117,16,6,11,35,44,6,11,16,35,44,2,6,detektert,detektert,detektert,inferert,inferert,2
2023-01-20,20230120,12,15,31,1,47,1,12,15,31,47,9,10,detektert,detektert,detektert,detektert,inferert,1
2023-01-24,20230124,17,9,16,27,31,9,16,17,27,31,1,9,detektert,detektert,inferert,inferert,inferert,3
2023-01-27,20230127,34,29,9,37,4,4,9,29,34,37,3,12,detektert,detektert,detektert,detektert,detektert,0
2023-01-31,20230131,21,30,20,41,43,20,21,30,41,43,10,11,detektert,detektert,detektert,detektert,inferert,1
2023-02-03,20230203,44,7,50,17,1,1,7,17,44,50,2,10,detektert,detektert,detektert,detektert,detektert,0
2023-02-07,20230207,10,25,37,15,46,10,15,25,37,46,7,12,detektert,detektert,detektert,detektert,detektert,0
2023-02-10,20230210,10,20,3,36,42,3,10,20,36,42,8,10,detektert,detektert,detektert,inferert,inferert,2
2023-02-14,20230214,6,1,14,2,45,1,2,6,14,45,2,7,detektert,detektert,detektert,detektert,inferert,1
2023-02-17,20230217,21,12,5,15,39,5,12,15,21,39,3,4,detektert,detektert,inferert,inferert,inferert,3
2023-02-21,20230221,38,34,20,43,13,13,20,34,38,43,3,6,detektert,detektert,detektert,detektert,detektert,0
2023-02-24,20230224,12,1,5,18,20,1,5,12,18,20,6,7,detektert,detektert,detektert,inferert,inferert,2
2023-02-28,20230228,38,20,27,6,49,6,20,27,38,49,3,9,detektert,detektert,detektert,detektert,inferert,1
2023-03-03,20230303,37,18,46,1,48,1,18,37,46,48,3,7,detektert,detektert,detektert,detektert,inferert,1
2023-03-07,20230307,11,12,4,16,42,4,11,12,16,42,3,5,detektert,detektert,detektert,detektert,detektert,0
2023-03-10,20230310,39,6,46,22,17,6,17,22,39,46,5,12,detektert,detektert,detektert,detektert,detektert,0
2023-03-14,20230314,34,32,48,16,9,9,16,32,34,48,2,6,detektert,detektert,detektert,detektert,detektert,0
2023-03-17,20230317,21,18,5,29,45,5,18,21,29,45,1,6,detektert,detektert,detektert,detektert,inferert,1
2023-03-21,20230321,8,13,16,44,47,8,13,16,44,47,6,8,detektert,detektert,inferert,inferert,inferert,3
2023-03-24,20230324,26,6,23,21,43,6,21,23,26,43,3,9,detektert,detektert,detektert,detektert,inferert,1
2023-03-28,20230328,36,6,37,12,44,6,12,36,37,44,1,11,detektert,detektert,detektert,detektert,inferert,1
2023-03-31,20230331,10,31,37,11,44,10,11,31,37,44,5,12,detektert,detektert,detektert,detektert,inferert,1
2023-04-04,20230404,24,1,33,15,19,1,15,19,24,33,7,8,detektert,detektert,detektert,detektert,inferert,1
2023-04-07,20230407,28,16,32,36,48,16,28,32,36,48,5,10,detektert,detektert,detektert,detektert,inferert,1
2023-04-11,20230411,19,42,33,5,37,5,19,33,37,42,7,9,detektert,detektert,detektert,detektert,inferert,1
2023-04-14,20230414,29,11,21,7,20,7,11,20,21,29,6,11,detektert,detektert,detektert,detektert,detektert,0
2023-04-18,20230418,31,28,35,16,42,16,28,31,35,42,2,10,detektert,detektert,detektert,detektert,detektert,0
2023-04-21,20230421,5,45,13,16,41,5,13,16,41,45,3,6,detektert,detektert,inferert,inferert,inferert,3
2023-04-25,20230425,21,12,24,28,40,12,21,24,28,40,1,3,detektert,detektert,inferert,inferert,inferert,3
2023-04-28,20230428,35,30,8,4,9,4,8,9,30,35,6,7,detektert,detektert,detektert,detektert,detektert,0
2023-05-02,20230502,12,26,23,11,13,11,12,13,23,26,11,12,detektert,detektert,detektert,detektert,detektert,0
2023-05-05,20230505,17,30,18,33,35,17,18,30,33,35,6,8,detektert,detektert,inferert,inferert,inferert,3
2023-05-09,20230509,29,11,34,6,39,6,11,29,34,39,2,3,detektert,detektert,detektert,detektert,inferert,1
2023-05-12,20230512,10,32,27,30,34,10,27,30,32,34,5,8,detektert,detektert,detektert,inferert,inferert,2
2023-05-16,20230516,45,46,30,28,31,28,30,31,45,46,4,8,detektert,detektert,detektert,inferert,inferert,2
2023-05-19,20230519,20,1,8,5,35,1,5,8,20,35,3,12,detektert,detektert,detektert,detektert,detektert,0
2023-05-23,20230523,11,2,36,1,14,1,2,11,14,36,2,3,detektert,detektert,detektert,detektert,detektert,0
2023-05-26,20230526,29,47,1,3,45,1,3,29,45,47,5,8,detektert,detektert,detektert,inferert,inferert,2
2023-05-30,20230530,16,39,2,8,21,2,8,16,21,39,4,5,detektert,detektert,detektert,detektert,inferert,1
2023-06-02,20230602,8,9,11,13,50,8,9,11,13,50,6,11,detektert,detektert,detektert,inferert,inferert,2
2023-06-06,20230606,21,22,5,7,29,5,7,21,22,29,3,10,detektert,detektert,detektert,detektert,detektert,0
2023-06-09,20230609,24,8,35,13,46,8,13,24,35,46,6,8,detektert,detektert,detektert,detektert,detektert,0
2023-06-13,20230613,11,46,32,29,47,11,29,32,46,47,5,7,detektert,detektert,detektert,detektert,inferert,1
2023-06-16,20230616,42,33,36,19,5,5,19,33,36,42,7,12,detektert,detektert,detektert,detektert,inferert,1
2023-06-20,20230620,48,34,18,30,9,9,18,30,34,48,1,7,detektert,detektert,detektert,detektert,detektert,0
2023-06-23,20230623,18,2,3,23,39,2,3,18,23,39,6,8,detektert,detektert,detektert,detektert,inferert,1
2023-06-27,20230627,7,10,13,34,47,7,10,13,34,47,5,9,detektert,detektert,detektert,inferert,inferert,2
2023-06-30,20230630,43,3,14,41,23,3,14,23,41,43,2,6,detektert,detektert,detektert,detektert,inferert,1
2023-07-04,20230704,21,36,39,19,23,19,21,23,36,39,5,12,detektert,detektert,detektert,detektert,inferert,1
2023-07-07,20230707,18,40,20,9,41,9,18,20,40,41,3,9,detektert,detektert,detektert,detektert,inferert,1
2023-07-11,20230711,15,11,17,24,46,11,15,17,24,46,2,11,detektert,detektert,inferert,inferert,inferert,3
2023-07-14,20230714,12,31,4,50,2,2,4,12,31,50,6,8,detektert,detektert,detektert,detektert,detektert,0
2023-07-18,20230718,16,24,40,14,43,14,16,24,40,43,1,5,detektert,detektert,detektert,detektert,inferert,1
2023-07-21,20230721,38,16,7,22,41,7,16,22,38,41,5,9,detektert,detektert,detektert,detektert,inferert,1
2023-07-25,20230725,3,39,11,9,20,3,9,11,20,39,2,3,detektert,detektert,detektert,detektert,detektert,0
2023-07-28,20230728,36,16,34,10,49,10,16,34,36,49,3,7,detektert,detektert,detektert,detektert,detektert,0
2023-08-01,20230801,38,44,9,2,40,2,9,38,40,44,5,11,detektert,detektert,detektert,detektert,detektert,0
2023-08-04,20230804,19,38,3,32,17,3,17,19,32,38,6,7,detektert,detektert,detektert,detektert,inferert,1
2023-08-08,20230808,12,6,25,31,37,6,12,25,31,37,6,9,detektert,detektert,detektert,inferert,inferert,2
2023-08-11,20230811,35,1,36,38,39,1,35,36,38,39,3,10,detektert,detektert,detektert,inferert,inferert,2
2023-08-15,20230815,12,41,26,23,21,12,21,23,26,41,5,6,detektert,detektert,detektert,detektert,detektert,0
2023-08-18,20230818,2,22,16,28,46,2,16,22,28,46,4,8,detektert,detektert,inferert,inferert,inferert,3
2023-08-22,20230822,8,47,40,41,46,8,40,41,46,47,3,11,detektert,detektert,inferert,inferert,inferert,3
2023-08-25,20230825,5,2,11,27,38,2,5,11,27,38,10,12,detektert,detektert,detektert,inferert,inferert,2
2023-08-29,20230829,14,20,18,39,42,14,18,20,39,42,6,9,detektert,detektert,inferert,inferert,inferert,3
2023-09-01,20230901,23,16,27,1,13,1,13,16,23,27,10,11,detektert,detektert,detektert,detektert,inferert,1
2023-09-05,20230905,15,11,13,9,25,9,11,13,15,25,4,9,detektert,detektert,detektert,detektert,inferert,1
2023-09-08,20230908,46,29,21,31,49,21,29,31,46,49,5,6,detektert,detektert,detektert,detektert,detektert,0
2023-09-12,20230912,45,50,5,43,13,5,13,43,45,50,1,10,detektert,detektert,detektert,detektert,inferert,1
2023-09-15,20230915,8,10,3,31,36,3,8,10,31,36,2,3,detektert,detektert,inferert,inferert,inferert,3
2023-09-19,20230919,38,18,26,39,8,8,18,26,38,39,4,12,detektert,detektert,detektert,detektert,detektert,0
2023-09-22,20230922,45,24,31,14,44,14,24,31,44,45,7,11,detektert,detektert,detektert,detektert,detektert,0
2023-09-26,20230926,24,42,23,44,38,23,24,38,42,44,1,10,detektert,detektert,detektert,detektert,inferert,1
2023-09-29,20230929,45,24,14,29,48,14,24,29,45,48,3,9,detektert,detektert,detektert,inferert,inferert,2
2023-10-03,20231003,28,29,13,31,47,13,28,29,31,47,8,9,detektert,detektert,detektert,inferert,inferert,2
2023-10-06,20231006,17,18,40,43,50,17,18,40,43,50,9,11,detektert,detektert,detektert,detektert,detektert,0
2023-10-10,20231010,8,7,12,21,43,7,8,12,21,43,4,11,detektert,detektert,detektert,inferert,inferert,2
2023-10-13,20231013,23,30,16,37,41,16,23,30,37,41,2,9,detektert,detektert,detektert,inferert,inferert,2
2023-10-17,20231017,8,42,6,50,49,6,8,42,49,50,3,5,detektert,detektert,detektert,detektert,detektert,0
2023-10-20,20231020,16,11,46,34,22,11,16,22,34,46,2,5,detektert,detektert,detektert,detektert,detektert,0
2023-10-24,20231024,35,14,40,5,47,5,14,35,40,47,1,3,detektert,detektert,detektert,detektert,inferert,1
2023-10-27,20231027,15,6,13,20,40,6,13,15,20,40,2,8,detektert,detektert,detektert,inferert,inferert,2
2023-10-31,20231031,21,6,48,15,34,6,15,21,34,48,1,5,detektert,detektert,detektert,detektert,detektert,0
2023-11-03,20231103,21,6,23,31,39,6,21,23,31,39,1,5,detektert,detektert,inferert,inferert,inferert,3
2023-11-07,20231107,26,47,36,43,49,26,36,43,47,49,4,7,detektert,detektert,inferert,inferert,inferert,3
2023-11-10,20231110,17,22,1,29,31,1,17,22,29,31,5,6,detektert,detektert,detektert,detektert,detektert,0
2023-11-14,20231114,30,34,9,38,48,9,30,34,38,48,2,3,detektert,detektert,detektert,inferert,inferert,2
2023-11-17,20231117,4,20,28,15,14,4,14,15,20,28,7,9,detektert,detektert,detektert,detektert,inferert,1
2023-11-21,20231121,20,22,9,21,38,9,20,21,22,38,3,12,detektert,detektert,detektert,inferert,inferert,2
2023-11-24,20231124,33,39,27,34,16,16,27,33,34,39,2,7,detektert,detektert,detektert,detektert,detektert,0
2023-11-28,20231128,23,13,12,11,36,11,12,13,23,36,3,8,detektert,detektert,detektert,detektert,detektert,0
2023-12-01,20231201,38,32,45,23,49,23,32,38,45,49,1,9,detektert,detektert,detektert,detektert,detektert,0
2023-12-05,20231205,11,16,6,26,49,6,11,16,26,49,2,9,detektert,detektert,detektert,detektert,inferert,1
2023-12-08,20231208,28,2,8,32,37,2,8,28,32,37,3,6,detektert,detektert,detektert,inferert,inferert,2
2023-12-12,20231212,40,20,8,34,2,2,8,20,34,40,9,12,detektert,detektert,detektert,detektert,inferert,1
2023-12-15,20231215,18,7,17,15,39,7,15,17,18,39,1,10,detektert,detektert,detektert,detektert,inferert,1
2023-12-19,20231219,45,4,6,31,17,4,6,17,31,45,6,12,detektert,detektert,detektert,detektert,detektert,0
2023-12-22,20231222,4,6,12,31,38,4,6,12,31,38,2,12,detektert,detektert,detektert,inferert,inferert,2
2023-12-26,20231226,4,13,16,22,27,4,13,16,22,27,1,10,detektert,detektert,detektert,detektert,inferert,1
2023-12-29,20231229,48,34,21,2,40,2,21,34,40,48,2,6,detektert,detektert,detektert,detektert,detektert,0
2024-01-02,20240102,48,49,19,26,36,19,26,36,48,49,10,11,detektert,detektert,detektert,detektert,inferert,1
2024-01-05,20240105,11,32,30,45,47,11,30,32,45,47,3,10,detektert,detektert,detektert,detektert,inferert,1
2024-01-09,20240109,41,9,26,47,12,9,12,26,41,47,7,10,detektert,detektert,detektert,detektert,detektert,0
2024-01-12,20240112,31,34,3,43,45,3,31,34,43,45,6,9,detektert,detektert,detektert,inferert,inferert,2
2024-01-16,20240116,32,6,42,39,19,6,19,32,39,42,4,9,detektert,detektert,detektert,detektert,detektert,0
2024-01-19,20240119,33,12,47,18,10,10,12,18,33,47,7,10,detektert,detektert,detektert,detektert,inferert,1
2024-01-23,20240123,32,9,18,20,39,9,18,20,32,39,5,8,detektert,detektert,detektert,detektert,inferert,1
2024-01-26,20240126,23,35,37,41,18,18,23,35,37,41,6,7,detektert,detektert,detektert,detektert,detektert,0
2024-01-30,20240130,12,48,15,46,10,10,12,15,46,48,9,11,detektert,detektert,detektert,detektert,detektert,0
2024-02-02,20240202,21,17,30,13,39,13,17,21,30,39,8,11,detektert,detektert,detektert,detektert,inferert,1
2024-02-06,20240206,20,26,44,19,16,16,19,20,26,44,1,4,detektert,detektert,detektert,detektert,detektert,0
2024-02-09,20240209,20,10,22,11,4,4,10,11,20,22,7,10,detektert,detektert,detektert,detektert,detektert,0
2024-02-13,20240213,22,7,20,45,48,7,20,22,45,48,10,12,detektert,detektert,detektert,inferert,inferert,2
2024-02-16,20240216,18,7,17,11,34,7,11,17,18,34,3,5,detektert,detektert,detektert,detektert,inferert,1
2024-02-20,20240220,30,3,11,1,15,1,3,11,15,30,4,10,detektert,detektert,detektert,inferert,inferert,2
2024-02-23,20240223,41,10,19,22,37,10,19,22,37,41,2,6,detektert,detektert,detektert,detektert,inferert,1
2024-02-27,20240227,30,38,17,15,49,15,17,30,38,49,1,11,detektert,detektert,detektert,detektert,detektert,0
2024-03-01,20240301,26,34,41,13,30,13,26,30,34,41,3,7,detektert,detektert,detektert,detektert,detektert,0
2024-03-05,20240305,2,30,40,20,31,2,20,30,31,40,8,12,detektert,detektert,detektert,inferert,inferert,2
2024-03-08,20240308,2,11,17,23,49,2,11,17,23,49,4,12,detektert,detektert,detektert,detektert,inferert,1
2024-03-12,20240312,8,2,11,16,20,2,8,11,16,20,4,10,detektert,detektert,detektert,inferert,inferert,2
2024-03-15,20240315,30,49,25,16,20,16,20,25,30,49,3,10,detektert,detektert,detektert,detektert,detektert,0
2024-03-19,20240319,32,1,20,28,49,1,20,28,32,49,3,10,detektert,detektert,detektert,detektert,inferert,1
2024-03-22,20240322,37,17,5,36,50,5,17,36,37,50,3,7,detektert,detektert,detektert,detektert,inferert,1
2024-03-26,20240326,30,17,12,32,15,12,15,17,30,32,1,6,detektert,detektert,detektert,detektert,inferert,1
2024-03-29,20240329,11,7,39,31,30,7,11,30,31,39,5,10,detektert,detektert,detektert,detektert,detektert,0
2024-04-02,20240402,32,14,45,29,17,14,17,29,32,45,1,2,detektert,detektert,detektert,detektert,inferert,1
2024-04-05,20240405,5,16,30,37,8,5,8,16,30,37,1,10,detektert,detektert,detektert,detektert,detektert,0
2024-04-09,20240409,43,1,27,21,7,1,7,21,27,43,1,3,detektert,detektert,detektert,detektert,detektert,0
2024-04-12,20240412,1,47,39,49,34,1,34,39,47,49,1,12,detektert,detektert,detektert,detektert,detektert,0
2024-04-16,20240416,48,41,36,37,35,35,36,37,41,48,1,12,detektert,detektert,detektert,detektert,inferert,1
2024-04-19,20240419,34,21,14,36,8,8,14,21,34,36,1,2,detektert,detektert,detektert,detektert,inferert,1
2024-04-23,20240423,35,6,2,3,15,2,3,6,15,35,1,3,detektert,detektert,detektert,detektert,inferert,1
2024-04-26,20240426,29,18,3,23,47,3,18,23,29,47,5,12,detektert,detektert,detektert,detektert,inferert,1
2024-04-30,20240430,4,20,33,37,45,4,20,33,37,45,8,9,detektert,inferert,inferert,inferert,inferert,4
2024-05-03,20240503,40,45,9,36,17,9,17,36,40,45,5,7,detektert,detektert,detektert,detektert,detektert,0
2024-05-07,20240507,32,11,33,3,35,3,11,32,33,35,3,11,detektert,detektert,detektert,detektert,inferert,1
2024-05-10,20240510,28,31,45,39,49,28,31,39,45,49,8,11,detektert,detektert,detektert,detektert,inferert,1
2024-05-14,20240514,27,22,19,24,23,19,22,23,24,27,1,6,detektert,detektert,detektert,detektert,detektert,0
2024-05-17,20240517,48,29,1,2,36,1,2,29,36,48,1,11,detektert,detektert,detektert,detektert,detektert,0
2024-05-21,20240521,33,23,31,7,38,7,23,31,33,38,10,11,detektert,detektert,detektert,inferert,inferert,2
2024-05-24,20240524,21,2,4,3,45,2,3,4,21,45,6,12,detektert,detektert,detektert,detektert,inferert,1
2024-05-28,20240528,46,27,13,35,26,13,26,27,35,46,3,4,detektert,detektert,detektert,detektert,inferert,1
2024-05-31,20240531,4,23,34,39,45,4,23,34,39,45,6,7,detektert,detektert,detektert,detektert,inferert,1
2024-06-04,20240604,3,1,24,43,49,1,3,24,43,49,2,4,detektert,detektert,detektert,detektert,detektert,0
2024-06-07,20240607,8,45,29,15,37,8,15,29,37,45,5,10,detektert,detektert,detektert,detektert,inferert,1
2024-06-11,20240611,29,16,31,12,4,4,12,16,29,31,1,9,detektert,detektert,detektert,detektert,detektert,0
2024-06-14,20240614,42,46,10,21,27,10,21,27,42,46,2,6,detektert,detektert,detektert,detektert,detektert,0
2024-06-18,20240618,24,4,10,23,45,4,10,23,24,45,7,8,detektert,detektert,detektert,detektert,inferert,1
2024-06-21,20240621,2,22,40,30,24,2,22,24,30,40,5,6,detektert,detektert,detektert,detektert,inferert,1
2024-06-25,20240625,31,45,8,14,25,8,14,25,31,45,3,12,detektert,detektert,detektert,detektert,detektert,0
2024-06-28,20240628,30,8,1,45,43,1,8,30,43,45,10,12,detektert,detektert,detektert,detektert,inferert,1
2024-07-02,20240702,10,29,30,32,40,10,29,30,32,40,6,12,detektert,inferert,inferert,inferert,inferert,4
2024-07-05,20240705,4,16,32,25,11,4,11,16,25,32,1,11,detektert,detektert,detektert,detektert,detektert,0
2024-07-09,20240709,5,14,44,25,26,5,14,25,26,44,8,10,detektert,detektert,detektert,detektert,detektert,0
2024-07-12,20240712,34,30,2,32,14,2,14,30,32,34,3,4,detektert,detektert,detektert,detektert,inferert,1
2024-07-16,20240716,27,43,8,36,22,8,22,27,36,43,5,8,detektert,detektert,detektert,detektert,detektert,0
2024-07-19,20240719,18,32,13,26,22,13,18,22,26,32,10,11,detektert,detektert,detektert,detektert,detektert,0
2024-07-23,20240723,9,13,21,24,38,9,13,21,24,38,6,12,detektert,detektert,detektert,inferert,inferert,2
2024-07-26,20240726,46,26,22,7,11,7,11,22,26,46,5,11,detektert,detektert,detektert,inferert,inferert,2
2024-07-30,20240730,31,2,16,49,30,2,16,30,31,49,2,5,detektert,detektert,detektert,detektert,detektert,0
2024-08-02,20240802,30,20,26,31,14,14,20,26,30,31,1,2,detektert,detektert,detektert,detektert,detektert,0
2024-08-06,20240806,32,22,9,4,35,4,9,22,32,35,9,10,detektert,detektert,detektert,inferert,inferert,2
2024-08-09,20240809,15,35,29,25,18,15,18,25,29,35,1,5,detektert,detektert,detektert,detektert,detektert,0
2024-08-13,20240813,9,34,33,50,6,6,9,33,34,50,1,7,detektert,detektert,detektert,detektert,detektert,0
2024-08-16,20240816,11,50,16,4,46,4,11,16,46,50,1,3,detektert,detektert,detektert,inferert,inferert,2
2024-08-20,20240820,29,28,31,33,25,25,28,29,31,33,6,12,detektert,detektert,detektert,detektert,inferert,1
2024-08-23,20240823,26,13,21,22,48,13,21,22,26,48,2,7,detektert,detektert,detektert,detektert,inferert,1
2024-08-27,20240827,29,24,15,39,33,15,24,29,33,39,2,9,detektert,detektert,detektert,detektert,detektert,0
2024-08-30,20240830,11,48,8,25,31,8,11,25,31,48,11,12,detektert,detektert,detektert,detektert,detektert,0
2024-09-03,20240903,17,36,5,37,23,5,17,23,36,37,5,9,detektert,detektert,detektert,detektert,detektert,0
2024-09-06,20240906,27,7,11,42,45,7,11,27,42,45,3,10,detektert,detektert,inferert,inferert,inferert,3
2024-09-10,20240910,31,10,46,7,41,7,10,31,41,46,1,5,detektert,detektert,detektert,detektert,inferert,1
2024-09-13,20240913,44,3,2,17,40,2,3,17,40,44,4,8,detektert,detektert,detektert,inferert,inferert,2
2024-09-17,20240917,3,44,1,13,24,1,3,13,24,44,11,12,detektert,detektert,detektert,detektert,detektert,0
2024-09-20,20240920,39,17,19,9,26,9,17,19,26,39,4,10,detektert,detektert,detektert,detektert,detektert,0
2024-09-24,20240924,43,34,3,41,13,3,13,34,41,43,1,5,detektert,detektert,detektert,detektert,inferert,1
2024-09-27,20240927,15,41,29,6,25,6,15,25,29,41,1,3,detektert,detektert,detektert,detektert,detektert,0
2024-10-01,20241001,17,42,50,37,45,17,37,42,45,50,6,7,detektert,detektert,detektert,detektert,inferert,1
2024-10-04,20241004,16,27,34,4,44,4,16,27,34,44,4,7,detektert,detektert,detektert,detektert,inferert,1
2024-10-08,20241008,13,29,42,44,48,13,29,42,44,48,2,8,detektert,detektert,detektert,detektert,inferert,1
2024-10-11,20241011,8,44,11,23,45,8,11,23,44,45,10,12,detektert,detektert,detektert,detektert,inferert,1
2024-10-15,20241015,45,44,20,9,38,9,20,38,44,45,4,12,detektert,detektert,detektert,detektert,inferert,1
2024-10-18,20241018,40,23,2,4,30,2,4,23,30,40,4,10,detektert,detektert,detektert,detektert,detektert,0
2024-10-22,20241022,47,36,4,32,38,4,32,36,38,47,3,9,detektert,detektert,detektert,detektert,inferert,1
2024-10-25,20241025,42,2,50,19,36,2,19,36,42,50,4,9,detektert,detektert,detektert,detektert,inferert,1
2024-10-29,20241029,30,17,49,26,3,3,17,26,30,49,1,10,detektert,detektert,detektert,detektert,detektert,0
2024-11-01,20241101,21,28,13,41,27,13,21,27,28,41,1,3,detektert,detektert,detektert,detektert,detektert,0
2024-11-05,20241105,38,36,29,43,22,22,29,36,38,43,1,6,detektert,detektert,detektert,detektert,detektert,0
2024-11-08,20241108,6,23,38,42,45,6,23,38,42,45,9,12,detektert,detektert,detektert,detektert,detektert,0
2024-11-12,20241112,34,2,49,3,38,2,3,34,38,49,10,11,detektert,detektert,detektert,detektert,inferert,1
2024-11-15,20241115,50,46,31,27,35,27,31,35,46,50,3,10,detektert,detektert,detektert,detektert,inferert,1
2024-11-19,20241119,4,26,7,27,19,4,7,19,26,27,4,5,detektert,detektert,detektert,detektert,inferert,1
2024-11-22,20241122,41,30,10,6,34,6,10,30,34,41,7,10,detektert,detektert,detektert,detektert,detektert,0
2024-11-26,20241126,32,37,20,21,28,20,21,28,32,37,1,5,detektert,detektert,detektert,detektert,detektert,0
2024-11-29,20241129,24,40,25,19,10,10,19,24,25,40,5,9,detektert,detektert,detektert,detektert,detektert,0
2024-12-03,20241203,24,20,37,7,23,7,20,23,24,37,4,10,detektert,detektert,detektert,detektert,detektert,0
2024-12-06,20241206,45,50,47,8,14,8,14,45,47,50,2,12,detektert,detektert,detektert,detektert,inferert,1
2024-12-10,20241210,17,41,23,43,30,17,23,30,41,43,4,11,detektert,detektert,detektert,detektert,detektert,0
2024-12-13,20241213,4,42,19,35,1,1,4,19,35,42,1,3,detektert,detektert,detektert,detektert,detektert,0
2024-12-17,20241217,11,14,35,18,42,11,14,18,35,42,4,11,detektert,detektert,detektert,detektert,inferert,1
2024-12-20,20241220,1,10,3,32,44,1,3,10,32,44,1,8,detektert,detektert,detektert,detektert,detektert,0
2024-12-24,20241224,28,15,39,9,36,9,15,28,36,39,6,7,detektert,detektert,detektert,detektert,inferert,1
2024-12-27,20241227,1,9,27,25,37,1,9,25,27,37,6,8,detektert,detektert,detektert,detektert,inferert,1
2024-12-31,20241231,2,26,34,49,21,2,21,26,34,49,7,12,detektert,detektert,detektert,detektert,detektert,0
2025-01-03,20250103,21,20,29,1,27,1,20,21,27,29,8,10,detektert,detektert,detektert,inferert,inferert,2
2025-01-07,20250107,20,44,16,1,23,1,16,20,23,44,5,9,detektert,detektert,detektert,detektert,detektert,0
2025-01-10,20250110,17,38,42,34,48,17,34,38,42,48,2,11,detektert,detektert,detektert,inferert,inferert,2
2025-01-14,20250114,17,30,20,11,10,10,11,17,20,30,2,6,detektert,detektert,detektert,detektert,detektert,0
2025-01-17,20250117,7,9,18,14,31,7,9,14,18,31,7,8,detektert,detektert,detektert,inferert,inferert,2
2025-01-21,20250121,3,17,22,28,40,3,17,22,28,40,4,9,detektert,detektert,detektert,detektert,inferert,1
2025-01-24,20250124,2,16,46,9,47,2,9,16,46,47,3,9,detektert,detektert,detektert,detektert,inferert,1
2025-01-28,20250128,2,43,7,28,46,2,7,28,43,46,5,12,detektert,detektert,inferert,inferert,inferert,3
2025-01-31,20250131,32,23,42,1,47,1,23,32,42,47,4,11,detektert,detektert,detektert,detektert,inferert,1
2025-02-04,20250204,42,21,10,41,18,10,18,21,41,42,3,9,detektert,detektert,detektert,detektert,inferert,1
2025-02-07,20250207,15,27,33,45,17,15,17,27,33,45,5,9,detektert,detektert,detektert,detektert,inferert,1
2025-02-11,20250211,3,22,47,12,28,3,12,22,28,47,1,12,detektert,detektert,detektert,inferert,inferert,2
2025-02-14,20250214,18,45,14,12,50,12,14,18,45,50,2,10,detektert,detektert,detektert,detektert,inferert,1
2025-02-18,20250218,1,19,14,9,44,1,9,14,19,44,2,3,detektert,detektert,detektert,inferert,inferert,2
2025-02-21,20250221,29,26,35,36,18,18,26,29,35,36,11,12,detektert,detektert,detektert,detektert,inferert,1
2025-02-25,20250225,38,42,31,28,48,28,31,38,42,48,3,10,detektert,detektert,detektert,detektert,detektert,0
2025-02-28,20250228,20,21,4,3,13,3,4,13,20,21,8,12,detektert,detektert,detektert,detektert,detektert,0
2025-03-04,20250304,12,48,4,35,37,4,12,35,37,48,4,10,detektert,detektert,detektert,inferert,inferert,2
2025-03-07,20250307,12,42,32,7,11,7,11,12,32,42,1,4,detektert,detektert,detektert,detektert,inferert,1
2025-03-11,20250311,18,23,22,15,44,15,18,22,23,44,1,11,detektert,detektert,detektert,detektert,inferert,1
2025-03-14,20250314,37,6,13,45,28,6,13,28,37,45,5,10,detektert,detektert,detektert,detektert,inferert,1
2025-03-18,20250318,7,50,47,14,1,1,7,14,47,50,3,7,detektert,detektert,detektert,detektert,inferert,1
2025-03-21,20250321,9,14,12,8,16,8,9,12,14,16,6,12,detektert,detektert,detektert,inferert,inferert,2
2025-03-25,20250325,11,50,30,3,35,3,11,30,35,50,4,5,detektert,detektert,detektert,inferert,inferert,2
2025-03-28,20250328,34,2,19,15,49,2,15,19,34,49,2,6,detektert,detektert,detektert,inferert,inferert,2
2025-04-01,20250401,17,12,39,41,50,12,17,39,41,50,9,12,detektert,detektert,detektert,detektert,detektert,0
2025-04-04,20250404,29,38,37,19,23,19,23,29,37,38,2,8,detektert,detektert,detektert,detektert,detektert,0
2025-04-08,20250408,40,41,47,39,17,17,39,40,41,47,5,8,detektert,detektert,detektert,detektert,detektert,0
2025-04-11,20250411,49,2,27,26,28,2,26,27,28,49,1,10,detektert,detektert,detektert,inferert,inferert,2
2025-04-15,20250415,33,8,13,11,35,8,11,13,33,35,1,10,detektert,detektert,detektert,detektert,inferert,1
2025-04-18,20250418,12,7,29,8,44,7,8,12,29,44,3,12,detektert,detektert,detektert,inferert,inferert,2
2025-04-22,20250422,10,23,38,16,29,10,16,23,29,38,3,5,detektert,detektert,detektert,detektert,detektert,0
2025-04-25,20250425,43,14,40,13,45,13,14,40,43,45,5,8,detektert,detektert,detektert,detektert,inferert,1
2025-04-29,20250429,30,21,27,17,34,17,21,27,30,34,8,11,detektert,detektert,detektert,inferert,inferert,2
2025-05-02,20250502,33,35,3,22,15,3,15,22,33,35,1,7,detektert,detektert,detektert,detektert,detektert,0
2025-05-06,20250506,46,49,21,22,1,1,21,22,46,49,9,10,detektert,detektert,detektert,detektert,detektert,0
2025-05-09,20250509,1,36,27,5,43,1,5,27,36,43,5,9,detektert,detektert,detektert,inferert,inferert,2
2025-05-13,20250513,33,16,14,19,34,14,16,19,33,34,5,12,detektert,detektert,detektert,detektert,detektert,0
2025-05-16,20250516,15,8,6,27,39,6,8,15,27,39,6,12,detektert,detektert,detektert,inferert,inferert,2
2025-05-20,20250520,20,8,19,21,28,8,19,20,21,28,7,10,detektert,detektert,detektert,detektert,inferert,1
2025-05-23,20250523,40,17,19,11,33,11,17,19,33,40,7,12,detektert,detektert,detektert,detektert,inferert,1
2025-05-27,20250527,25,9,17,6,41,6,9,17,25,41,4,10,detektert,detektert,detektert,inferert,inferert,2
2025-05-30,20250530,4,43,5,26,29,4,5,26,29,43,5,9,detektert,detektert,detektert,detektert,detektert,0
2025-06-03,20250603,26,8,30,19,6,6,8,19,26,30,1,12,detektert,detektert,detektert,detektert,inferert,1
2025-06-06,20250606,7,23,8,11,39,7,8,11,23,39,5,11,detektert,detektert,detektert,inferert,inferert,2
2025-06-10,20250610,17,1,20,42,28,1,17,20,28,42,2,12,detektert,detektert,detektert,detektert,inferert,1
2025-06-13,20250613,15,46,1,27,18,1,15,18,27,46,5,9,detektert,detektert,detektert,detektert,inferert,1
2025-06-17,20250617,13,33,10,15,35,10,13,15,33,35,7,12,detektert,detektert,detektert,detektert,inferert,1
2025-06-20,20250620,46,12,37,18,6,6,12,18,37,46,7,9,detektert,detektert,detektert,detektert,detektert,0
2025-06-24,20250624,20,44,35,40,31,20,31,35,40,44,3,4,detektert,detektert,detektert,detektert,inferert,1
2025-06-27,20250627,26,4,50,29,14,4,14,26,29,50,3,12,detektert,detektert,detektert,detektert,inferert,1
2025-07-01,20250701,1,9,10,12,14,1,9,10,12,14,6,8,detektert,detektert,detektert,detektert,inferert,1
2025-07-04,20250704,41,14,34,44,23,14,23,34,41,44,5,10,detektert,detektert,detektert,detektert,inferert,1
2025-07-08,20250708,29,21,34,27,43,21,27,29,34,43,6,10,detektert,detektert,detektert,detektert,inferert,1
2025-07-11,20250711,13,46,43,12,6,6,12,13,43,46,6,11,detektert,detektert,detektert,detektert,detektert,0
2025-07-15,20250715,13,37,45,33,28,13,28,33,37,45,6,11,detektert,detektert,detektert,detektert,inferert,1
2025-07-18,20250718,21,39,12,10,25,10,12,21,25,39,2,4,detektert,detektert,detektert,detektert,inferert,1
2025-07-22,20250722,42,20,46,5,48,5,20,42,46,48,7,8,detektert,detektert,detektert,detektert,detektert,0
2025-07-25,20250725,36,7,13,29,8,7,8,13,29,36,4,8,detektert,detektert,detektert,detektert,detektert,0
2025-07-29,20250729,38,20,43,21,49,20,21,38,43,49,6,11,detektert,detektert,detektert,detektert,inferert,1
2025-08-01,20250801,12,33,11,20,4,4,11,12,20,33,3,5,detektert,detektert,detektert,detektert,inferert,1
2025-08-05,20250805,1,34,21,22,18,1,18,21,22,34,1,6,detektert,detektert,detektert,detektert,inferert,1
2025-08-08,20250808,42,7,16,23,41,7,16,23,41,42,1,4,detektert,detektert,detektert,detektert,detektert,0
2025-08-12,20250812,42,11,29,16,37,11,16,29,37,42,1,11,detektert,detektert,detektert,inferert,inferert,2
2025-08-15,20250815,20,33,11,5,43,5,11,20,33,43,6,12,detektert,detektert,detektert,detektert,inferert,1
2025-08-19,20250819,33,3,47,11,4,3,4,11,33,47,6,9,detektert,detektert,detektert,detektert,detektert,0
2025-08-22,20250822,16,34,22,14,3,3,14,16,22,34,7,10,detektert,detektert,detektert,detektert,detektert,0
2025-08-26,20250826,8,21,14,26,35,8,14,21,26,35,4,8,detektert,detektert,detektert,detektert,inferert,1
2025-08-29,20250829,5,23,19,3,48,3,5,19,23,48,1,5,detektert,detektert,detektert,detektert,inferert,1
2025-09-02,20250902,1,12,5,38,47,1,5,12,38,47,7,8,detektert,detektert,detektert,inferert,inferert,2
2025-09-05,20250905,29,46,6,14,25,6,14,25,29,46,7,11,detektert,detektert,detektert,detektert,detektert,0
2025-09-09,20250909,24,14,18,27,50,14,18,24,27,50,8,9,detektert,detektert,detektert,detektert,inferert,1
2025-09-12,20250912,33,24,7,22,45,7,22,24,33,45,4,12,detektert,detektert,detektert,detektert,inferert,1
2025-09-16,20250916,37,39,9,8,14,8,9,14,37,39,1,9,detektert,detektert,detektert,inferert,inferert,2
2025-09-19,20250919,37,40,9,41,46,9,37,40,41,46,1,12,detektert,detektert,detektert,detektert,inferert,1
2025-09-23,20250923,32,18,31,33,7,7,18,31,32,33,10,11,detektert,detektert,detektert,detektert,detektert,0
2025-09-26,20250926,26,24,35,12,48,12,24,26,35,48,1,2,detektert,detektert,detektert,detektert,inferert,1
2025-09-30,20250930,27,11,24,8,13,8,11,13,24,27,3,7,detektert,detektert,detektert,detektert,detektert,0
2025-10-03,20251003,21,2,27,7,1,1,2,7,21,27,8,12,detektert,detektert,detektert,detektert,inferert,1
2025-10-07,20251007,38,10,22,48,42,10,22,38,42,48,2,9,detektert,detektert,detektert,detektert,inferert,1
2025-10-10,20251010,24,31,4,41,5,4,5,24,31,41,3,12,detektert,detektert,detektert,detektert,inferert,1
2025-10-14,20251014,8,12,13,49,50,8,12,13,49,50,2,4,detektert,detektert,detektert,detektert,inferert,1
2025-10-17,20251017,35,21,34,18,46,18,21,34,35,46,2,3,detektert,detektert,detektert,inferert,inferert,2
2025-10-21,20251021,6,46,40,30,21,6,21,30,40,46,3,4,detektert,detektert,detektert,detektert,inferert,1
2025-10-24,20251024,27,13,43,42,12,12,13,27,42,43,3,4,detektert,detektert,detektert,detektert,inferert,1
2025-10-28,20251028,3,4,22,45,50,3,4,22,45,50,9,12,detektert,inferert,inferert,inferert,inferert,4
2025-10-31,20251031,5,47,41,11,40,5,11,40,41,47,1,5,detektert,detektert,detektert,detektert,inferert,1
2025-11-04,20251104,39,3,33,22,21,3,21,22,33,39,1,9,detektert,detektert,detektert,detektert,inferert,1
2025-11-07,20251107,22,40,19,13,35,13,19,22,35,40,2,8,detektert,detektert,detektert,detektert,detektert,0
2025-11-11,20251111,25,50,24,41,8,8,24,25,41,50,8,9,detektert,detektert,detektert,detektert,inferert,1
2025-11-14,20251114,3,30,37,20,5,3,5,20,30,37,6,12,detektert,detektert,detektert,detektert,inferert,1
2025-11-18,20251118,49,27,19,41,25,19,25,27,41,49,3,9,detektert,detektert,detektert,detektert,inferert,1
2025-11-21,20251121,50,30,15,45,24,15,24,30,45,50,5,6,detektert,detektert,detektert,detektert,detektert,0
2025-11-25,20251125,46,35,23,30,1,1,23,30,35,46,4,8,detektert,detektert,detektert,detektert,inferert,1
2025-12-02,20251202,34,40,30,35,14,14,30,34,35,40,4,6,detektert,detektert,detektert,detektert,inferert,1
2025-12-05,20251205,22,18,1,24,4,1,4,18,22,24,6,10,detektert,detektert,detektert,detektert,inferert,1
2025-12-09,20251209,30,2,32,33,37,2,30,32,33,37,2,9,detektert,detektert,detektert,detektert,detektert,0
2025-12-12,20251212,27,2,37,50,25,2,25,27,37,50,2,11,detektert,detektert,detektert,detektert,detektert,0
2025-12-16,20251216,30,22,12,31,28,12,22,28,30,31,4,11,detektert,detektert,detektert,detektert,inferert,1
2025-12-19,20251219,8,45,9,35,15,8,9,15,35,45,2,5,detektert,detektert,detektert,detektert,detektert,0
2025-12-23,20251223,41,40,29,35,24,24,29,35,40,41,6,7,detektert,detektert,detektert,detektert,detektert,0
2025-12-26,20251226,21,15,26,42,29,15,21,26,29,42,4,12,detektert,detektert,detektert,detektert,detektert,0
2025-12-30,20251230,27,23,18,20,10,10,18,20,23,27,1,6,detektert,detektert,detektert,detektert,detektert,0
2026-01-02,20260102,34,29,10,15,38,10,15,29,34,38,2,9,detektert,detektert,detektert,detektert,detektert,0
2026-01-06,20260106,23,38,21,33,30,21,23,30,33,38,8,12,detektert,detektert,detektert,detektert,detektert,0
2026-01-09,20260109,17,19,1,25,41,1,17,19,25,41,6,12,detektert,detektert,detektert,detektert,detektert,0
2026-01-13,20260113,27,47,2,16,33,2,16,27,33,47,6,12,detektert,detektert,detektert,inferert,inferert,2
2026-01-16,20260116,16,48,37,8,39,8,16,37,39,48,5,11,detektert,detektert,detektert,detektert,inferert,1
2026-01-20,20260120,16,37,32,45,26,16,26,32,37,45,2,3,detektert,detektert,detektert,detektert,inferert,1
2026-01-23,20260123,36,39,45,50,18,18,36,39,45,50,6,9,detektert,detektert,detektert,detektert,inferert,1
2026-01-27,20260127,13,19,18,29,32,13,18,19,29,32,8,9,detektert,detektert,detektert,detektert,detektert,0
2026-01-30,20260130,8,37,17,13,15,8,13,15,17,37,3,7,detektert,detektert,detektert,detektert,detektert,0
2026-02-03,20260203,3,27,20,44,37,3,20,27,37,44,1,2,detektert,detektert,detektert,detektert,inferert,1
2026-02-06,20260206,41,8,48,14,38,8,14,38,41,48,1,11,detektert,detektert,detektert,detektert,inferert,1
2026-02-10,20260210,39,19,12,47,34,12,19,34,39,47,4,5,detektert,detektert,detektert,detektert,detektert,0
2026-02-13,20260213,1,44,21,46,45,1,21,44,45,46,2,7,detektert,detektert,detektert,detektert,inferert,1
2026-02-17,20260217,23,40,39,8,44,8,23,39,40,44,6,7,detektert,detektert,detektert,detektert,detektert,0
2026-02-20,20260220,23,17,40,11,36,11,17,23,36,40,5,6,detektert,detektert,detektert,inferert,inferert,2
2026-02-24,20260224,48,26,4,5,38,4,5,26,38,48,2,9,detektert,detektert,detektert,detektert,inferert,1
2026-02-27,20260227,47,19,17,7,28,7,17,19,28,47,2,7,detektert,detektert,detektert,detektert,inferert,1
2026-03-03,20260303,14,1,49,35,9,1,9,14,35,49,2,10,detektert,detektert,detektert,detektert,detektert,0
2026-03-06,20260306,26,47,17,8,31,8,17,26,31,47,1,6,detektert,detektert,detektert,inferert,inferert,2
2026-03-10,20260310,28,3,2,17,18,2,3,17,18,28,4,10,detektert,detektert,detektert,inferert,inferert,2
2026-03-13,20260313,23,7,47,44,37,7,23,37,44,47,2,6,detektert,detektert,detektert,detektert,inferert,1
2026-03-17,20260317,17,12,37,16,13,12,13,16,17,37,4,11,detektert,detektert,detektert,detektert,inferert,1
2026-03-20,20260320,2,25,21,17,30,2,17,21,25,30,2,6,detektert,detektert,detektert,detektert,inferert,1
2026-03-24,20260324,15,43,9,23,48,9,15,23,43,48,3,5,detektert,detektert,detektert,detektert,inferert,1
2026-03-27,20260327,40,23,38,25,21,21,23,25,38,40,7,11,detektert,detektert,detektert,detektert,detektert,0
2026-03-31,20260331,15,18,5,35,20,5,15,18,20,35,7,8,detektert,detektert,detektert,detektert,detektert,0
2026-04-03,20260403,18,22,10,9,37,9,10,18,22,37,1,11,detektert,detektert,detektert,detektert,detektert,0
2026-04-07,20260407,16,2,27,23,4,2,4,16,23,27,5,8,detektert,detektert,detektert,detektert,detektert,0
2026-04-10,20260410,48,1,11,18,6,1,6,11,18,48,10,12,detektert,detektert,detektert,detektert,detektert,0
2026-04-14,20260414,32,46,13,22,47,13,22,32,46,47,6,7,detektert,detektert,detektert,detektert,inferert,1
2026-04-17,20260417,43,44,16,31,35,16,31,35,43,44,2,9,detektert,detektert,detektert,detektert,inferert,1
2026-04-21,20260421,39,31,47,36,32,31,32,36,39,47,7,8,detektert,detektert,detektert,detektert,inferert,1
2026-04-24,20260424,6,44,29,21,39,6,21,29,39,44,1,5,detektert,detektert,detektert,detektert,inferert,1
2026-04-28,20260428,19,46,43,41,20,19,20,41,43,46,5,7,detektert,detektert,detektert,detektert,detektert,0
2026-05-01,20260501,13,11,27,16,10,10,11,13,16,27,5,7,detektert,detektert,detektert,detektert,detektert,0
2026-05-05,20260505,1,33,34,30,43,1,30,33,34,43,5,10,detektert,detektert,detektert,detektert,detektert,0
2026-05-08,20260508,41,3,18,17,31,3,17,18,31,41,6,12,detektert,detektert,detektert,detektert,detektert,0
2026-05-12,20260512,15,19,35,7,28,7,15,19,28,35,3,11,detektert,detektert,detektert,detektert,inferert,1
2026-05-15,20260515,36,1,33,37,32,1,32,33,36,37,7,12,detektert,detektert,detektert,detektert,detektert,0
2026-05-19,20260519,47,36,39,37,10,10,36,37,39,47,5,6,detektert,detektert,detektert,detektert,inferert,1
2026-05-22,20260522,35,5,46,42,34,5,34,35,42,46,3,5,detektert,detektert,detektert,detektert,inferert,1
2026-05-26,20260526,11,42,33,23,5,5,11,23,33,42,10,12,detektert,detektert,detektert,detektert,detektert,0
2026-05-29,20260529,20,3,21,49,42,3,20,21,42,49,5,6,detektert,detektert,detektert,detektert,inferert,1
2026-06-02,20260602,40,36,46,2,38,2,36,38,40,46,7,8,detektert,detektert,detektert,detektert,detektert,0
2026-06-05,20260605,50,47,21,23,44,21,23,44,47,50,1,7,manuell,manuell,manuell,manuell,manuell,0
2026-06-09,20260609,1,39,22,48,14,1,14,22,39,48,8,11,manuell,manuell,manuell,manuell,manuell,0
